–í–µ—Ç–∫–∞,–ù–æ–º–µ—Ä –≤–æ–ø—Ä–æ—Å–∞,–í—ã–±–æ—Ä –ø–æ–ª—å–∑–æ–≤–∞—Ç–µ–ª—è,–í–≤–æ–¥–Ω–∞—è,–í–∞—Ä–∏–∞–Ω—Ç –≤–æ–ø—Ä–æ—Å–∞,–ü–æ–¥—Ç–≤–µ—Ä–∂–¥–µ–Ω–∏–µ –≤—ã–±–æ—Ä–∞,–°–ª–µ–¥—É—é—â–∏–π –≤–æ–ø—Ä–æ—Å,–°–æ–≤–µ—Ç,–§–∏–Ω–∞–ª,–≠–º–æ–¥–∑–∏,–ü–æ—Ä—Ç—Ä–µ—Ç,–û–ø–∏—Å–∞–Ω–∏–µ –ø–æ—Ä—Ç—Ä–µ—Ç–∞
1,1,1,"–ó–∞–ø—Ä–∞—à–∏–≤–∞—Ç—å –ø–æ–≤—ã—à–µ–Ω–∏–µ –∑–∞—Ä–ø–ª–∞—Ç—ã ‚Äî —ç—Ç–æ –Ω–∞–≤—ã–∫, –∫–æ—Ç–æ—Ä–æ–º—É –º–æ–∂–Ω–æ –∏ –Ω—É–∂–Ω–æ –Ω–∞—É—á–∏—Ç—å—Å—è. –ò—Å—Å–ª–µ–¥–æ–≤–∞–Ω–∏—è –ø–æ–∫–∞–∑—ã–≤–∞—é—Ç: 70% —Å–æ—Ç—Ä—É–¥–Ω–∏–∫–æ–≤, –∫–æ—Ç–æ—Ä—ã–µ –≥–æ—Ç–æ–≤—è—Ç –∞—Ä–≥—É–º–µ–Ω—Ç—ã –∑–∞—Ä–∞–Ω–µ–µ, –¥–æ–±–∏–≤–∞—é—Ç—Å—è –≤ –∏—Ç–æ–≥–µ —É–≤–µ–ª–∏—á–µ–Ω–∏—è —Å–≤–æ–µ–≥–æ –¥–æ—Ö–æ–¥–∞. –ì–ª–∞–≤–Ω–æ–µ - –Ω–µ —É–Ω–∏–∂–µ–Ω–Ω–æ –ø—Ä–æ—Å–∏—Ç—å, –∞ —É–≤–µ—Ä–µ–Ω–Ω–æ –¥–æ–∫–∞–∑–∞—Ç—å —Å–≤–æ—é —Ü–µ–Ω–Ω–æ—Å—Ç—å –¥–ª—è –∫–æ–º–ø–∞–Ω–∏–∏. –ù–∞–ø—Ä–∏–º–µ—Ä, –ø–æ–¥–≥–æ—Ç–æ–≤–∏—Ç—å —Å–ø–∏—Å–æ–∫ —Å–≤–æ–∏—Ö –¥–æ—Å—Ç–∏–∂–µ–Ω–∏–π –∑–∞ –≥–æ–¥, –∏–º–µ—Ç—å –Ω–∞ —Ä—É–∫–∞—Ö –¥–∞–Ω–Ω—ã–µ –æ —Ä—ã–Ω–æ—á–Ω—ã—Ö –∑–∞—Ä–ø–ª–∞—Ç–∞—Ö –¥–ª—è —Å–ø–µ—Ü–∏–∞–ª–∏—Å—Ç–∞ —Å–≤–æ–µ–≥–æ —É—Ä–æ–≤–Ω—è –∏ —Å—Ñ–æ—Ä–º—É–ª–∏—Ä–æ–≤–∞—Ç—å —á–µ—Ç–∫–∏–π –∑–∞–ø—Ä–æ—Å. –í —ç—Ç–æ–º –æ–ø—Ä–æ—Å–µ –º—ã —Ä–∞–∑–±–µ—Ä—ë–º, –∫–∞–∫ —Å–¥–µ–ª–∞—Ç—å —ç—Ç–æ –º–∞–∫—Å–∏–º–∞–ª—å–Ω–æ —ç—Ñ—Ñ–µ–∫—Ç–∏–≤–Ω–æ.",–ù–∞—á–∞—Ç—å –æ–ø—Ä–æ—Å,–û—Ç–ª–∏—á–Ω–æ! –ü—Ä–∏—Å—Ç—É–ø–∏–º –∫ –∞–Ω–∞–ª–∏–∑—É.,2,,–ù–µ—Ç,üíº,,
1,2,2,"–ó–∞–ø—Ä–æ—Å –Ω–∞ –ø–æ–≤—ã—à–µ–Ω–∏–µ –∑–∞—Ä–ø–ª–∞—Ç—ã - —ç—Ç–æ –Ω–µ —á–µ–ª–æ–±–∏—Ç–Ω–∞—è, —ç—Ç–æ –ø–µ—Ä–µ–≥–æ–≤–æ—Ä—ã –º–µ–∂–¥—É –≤–∞–º–∏ –∫–∞–∫ —Å–æ—Ç—Ä—É–¥–Ω–∏–∫–æ–º –∏ –≤–∞—à–∏–º –Ω–∞–Ω–∏–º–∞—Ç–µ–ª–µ–º. –£—Å–ø–µ—à–Ω—ã–µ –ø–µ—Ä–µ–≥–æ–≤–æ—Ä—ã –Ω–∞—á–∏–Ω–∞—é—Ç—Å—è –∑–∞–¥–æ–ª–≥–æ –¥–æ —Ä–∞–∑–≥–æ–≤–æ—Ä–∞ —Å —Ä—É–∫–æ–≤–æ–¥–∏—Ç–µ–ª–µ–º - –±–µ–∑ –ø—Ä–µ–¥–≤–∞—Ä–∏—Ç–µ–ª—å–Ω–æ–π –ø–æ–¥–≥–æ—Ç–æ–≤–∫–∏ —à–∞–Ω—Å—ã –Ω–∞ —É—Å–ø–µ—Ö –ø–∞–¥–∞—é—Ç –≤ 2 —Ä–∞–∑–∞. –¢—Ä–∏ –∫–ª—é—á–µ–≤—ã—Ö –º–æ–º–µ–Ω—Ç–∞. –†—ã–Ω–æ—á–Ω—ã–µ –∑–∞—Ä–ø–ª–∞—Ç—ã: –ø–æ—Å–º–æ—Ç—Ä–∏—Ç–µ —Å—Ä–µ–¥–Ω–∏–µ –∑–Ω–∞—á–µ–Ω–∏—è –¥–ª—è –≤–∞—à–µ–π –¥–æ–ª–∂–Ω–æ—Å—Ç–∏ –Ω–∞ —Ä—ã–Ω–∫–µ, –Ω–∞–ø—Ä–∏–º–µ—Ä –Ω–∞ hh.ru. –†–∞—Å—Å—á–∏—Ç–∞–π—Ç–µ –≤–∞—à –≤–∫–ª–∞–¥: –ø—Ä–∏–±—ã–ª—å –æ—Ç –≤–∞—à–∏—Ö –ø—Ä–æ–µ–∫—Ç–æ–≤, —Å—ç–∫–æ–Ω–æ–º–ª–µ–Ω–Ω—ã–µ —Ä–µ—Å—É—Ä—Å—ã –∏–ª–∏ —É–ª—É—á—à–µ–Ω–Ω—ã–µ –ø—Ä–æ—Ü–µ—Å—Å—ã. –ü–æ–¥–±–µ—Ä–∏—Ç–µ —É–¥–∞—á–Ω—ã–π –º–æ–º–µ–Ω—Ç, –Ω–∞–ø—Ä–∏–º–µ—Ä, –ø–æ—Å–ª–µ –∑–∞–≤–µ—Ä—à–µ–Ω–∏—è –≤–∞–∂–Ω–æ–≥–æ —ç—Ç–∞–ø–∞ —Ä–∞–±–æ—Ç—ã.",–•–æ—á—É –ø–æ–≤—ã—Å–∏—Ç—å –∑–∞—Ä–ø–ª–∞—Ç—É,"–•–æ—Ä–æ—à–æ, —Ç—ã —Ö–æ—á–µ—à—å –ø–æ–≤—ã—Å–∏—Ç—å –∑–∞—Ä–ø–ª–∞—Ç—É. –î–∞–≤–∞–π –≤—ã–±–µ—Ä–µ–º –ø—Ä–∞–≤–∏–ª—å–Ω—É—é —Å—Ç—Ä–∞—Ç–µ–≥–∏—é.",3,"–¶–µ–ª–µ—É—Å—Ç—Ä–µ–º–ª—ë–Ω–Ω—ã–π. –¢—ã —É–∂–µ –æ—Å–æ–∑–Ω–∞–ª, —á—Ç–æ –¥–æ—Å—Ç–æ–∏–Ω –±–æ–ª—å—à–µ–≥–æ. –≠—Ç–æ –ø–µ—Ä–≤—ã–π –∏ —Å–∞–º—ã–π –≤–∞–∂–Ω—ã–π —à–∞–≥ –Ω–∞ –ø—É—Ç–∏ –∫ –∫–∞—Ä—å–µ—Ä–Ω–æ–º—É —Ä–æ—Å—Ç—É.",–ù–µ—Ç,üìà,–¶–µ–ª–µ—É—Å—Ç—Ä–µ–º–ª—ë–Ω–Ω—ã–π. ,"–û—Å–æ–∑–Ω–∞–ª, —á—Ç–æ –¥–æ—Å—Ç–æ–∏–Ω –±–æ–ª—å—à–µ–≥–æ ‚Äî —ç—Ç–æ –ø–µ—Ä–≤—ã–π —à–∞–≥. –°–æ–±–µ—Ä–∏ —Å–ø–∏—Å–æ–∫ —Å–≤–æ–∏—Ö –¥–æ—Å—Ç–∏–∂–µ–Ω–∏–π –∏ —É–≤–µ—Ä–µ–Ω–Ω–æ –æ–∑–≤—É—á—å –∏—Ö."
1,2,3,"–ó–∞–ø—Ä–æ—Å –Ω–∞ –ø–æ–≤—ã—à–µ–Ω–∏–µ –∑–∞—Ä–ø–ª–∞—Ç—ã - —ç—Ç–æ –Ω–µ —á–µ–ª–æ–±–∏—Ç–Ω–∞—è, —ç—Ç–æ –ø–µ—Ä–µ–≥–æ–≤–æ—Ä—ã –º–µ–∂–¥—É –≤–∞–º–∏ –∫–∞–∫ —Å–æ—Ç—Ä—É–¥–Ω–∏–∫–æ–º –∏ –≤–∞—à–∏–º –Ω–∞–Ω–∏–º–∞—Ç–µ–ª–µ–º. –£—Å–ø–µ—à–Ω—ã–µ –ø–µ—Ä–µ–≥–æ–≤–æ—Ä—ã –Ω–∞—á–∏–Ω–∞—é—Ç—Å—è –∑–∞–¥–æ–ª–≥–æ –¥–æ —Ä–∞–∑–≥–æ–≤–æ—Ä–∞ —Å —Ä—É–∫–æ–≤–æ–¥–∏—Ç–µ–ª–µ–º - –±–µ–∑ –ø—Ä–µ–¥–≤–∞—Ä–∏—Ç–µ–ª—å–Ω–æ–π –ø–æ–¥–≥–æ—Ç–æ–≤–∫–∏ —à–∞–Ω—Å—ã –Ω–∞ —É—Å–ø–µ—Ö –ø–∞–¥–∞—é—Ç –≤ 2 —Ä–∞–∑–∞. –¢—Ä–∏ –∫–ª—é—á–µ–≤—ã—Ö –º–æ–º–µ–Ω—Ç–∞. –†—ã–Ω–æ—á–Ω—ã–µ –∑–∞—Ä–ø–ª–∞—Ç—ã: –ø–æ—Å–º–æ—Ç—Ä–∏—Ç–µ —Å—Ä–µ–¥–Ω–∏–µ –∑–Ω–∞—á–µ–Ω–∏—è –¥–ª—è –≤–∞—à–µ–π –¥–æ–ª–∂–Ω–æ—Å—Ç–∏ –Ω–∞ —Ä—ã–Ω–∫–µ, –Ω–∞–ø—Ä–∏–º–µ—Ä –Ω–∞ hh.ru. –†–∞—Å—Å—á–∏—Ç–∞–π—Ç–µ –≤–∞—à –≤–∫–ª–∞–¥: –ø—Ä–∏–±—ã–ª—å –æ—Ç –≤–∞—à–∏—Ö –ø—Ä–æ–µ–∫—Ç–æ–≤, —Å—ç–∫–æ–Ω–æ–º–ª–µ–Ω–Ω—ã–µ —Ä–µ—Å—É—Ä—Å—ã –∏–ª–∏ —É–ª—É—á—à–µ–Ω–Ω—ã–µ –ø—Ä–æ—Ü–µ—Å—Å—ã. –ü–æ–¥–±–µ—Ä–∏—Ç–µ —É–¥–∞—á–Ω—ã–π –º–æ–º–µ–Ω—Ç, –Ω–∞–ø—Ä–∏–º–µ—Ä, –ø–æ—Å–ª–µ –∑–∞–≤–µ—Ä—à–µ–Ω–∏—è –≤–∞–∂–Ω–æ–≥–æ —ç—Ç–∞–ø–∞ —Ä–∞–±–æ—Ç—ã.",–•–æ—á—É –Ω–∞—É—á–∏—Ç—å—Å—è –ø—Ä–∞–≤–∏–ª—å–Ω–æ –ø—Ä–æ—Å–∏—Ç—å –ø–æ–≤—ã—à–µ–Ω–∏–µ,"–û—Ç–ª–∏—á–Ω–æ, —Ç—â–∞—Ç–µ–ª—å–Ω–æ –ø—Ä–æ–¥—É–º–∞—Ç—å –∫–∞–∫ –ø—Ä–∞–≤–∏–ª—å–Ω–æ –ø—Ä–æ—Å–∏—Ç—å –ø–æ–≤—ã—à–µ–Ω–∏–µ ‚Äî —ç—Ç–æ –∑—Ä–µ–ª—ã–π –ø–æ–¥—Ö–æ–¥.",3,"–ù–∞—á–∏–Ω–∞—é—â–∏–π –ø—Ä–æ—Ñ–∏. –¢—ã –ø–æ–Ω–∏–º–∞–µ—à—å, —á—Ç–æ –¥–∞–∂–µ –æ–ø—ã—Ç —Ç—Ä–µ–±—É–µ—Ç –æ–±—É—á–µ–Ω–∏—è. –ö–∞—Ä—å–µ—Ä–∞ ‚Äî —ç—Ç–æ –Ω–∞–≤—ã–∫, –∫–æ—Ç–æ—Ä—ã–π —Ç–æ–∂–µ –º–æ–∂–Ω–æ —Ä–∞–∑–≤–∏–≤–∞—Ç—å.",–ù–µ—Ç,üß†,–ù–∞—á–∏–Ω–∞—é—â–∏–π –ø—Ä–æ—Ñ–∏.,"–£–∂–µ –ø–æ–Ω–∏–º–∞–µ—à—å, —á—Ç–æ –∫–∞—Ä—å–µ—Ä–∞ ‚Äî —ç—Ç–æ —Å–æ–≤–æ–∫—É–ø–Ω–æ—Å—Ç—å –Ω–∞–≤—ã–∫–æ–≤. –ù–∞—á–Ω–∏ —Å –∞–Ω–∞–ª–∏–∑–∞ —Å–≤–æ–∏—Ö —Ä–µ–∑—É–ª—å—Ç–∞—Ç–æ–≤ –∏ –ø–æ–ª—É—á–µ–Ω–Ω–æ–≥–æ –æ–ø—ã—Ç–∞."
1,2,4,"–ó–∞–ø—Ä–æ—Å –Ω–∞ –ø–æ–≤—ã—à–µ–Ω–∏–µ –∑–∞—Ä–ø–ª–∞—Ç—ã - —ç—Ç–æ –Ω–µ —á–µ–ª–æ–±–∏—Ç–Ω–∞—è, —ç—Ç–æ –ø–µ—Ä–µ–≥–æ–≤–æ—Ä—ã –º–µ–∂–¥—É –≤–∞–º–∏ –∫–∞–∫ —Å–æ—Ç—Ä—É–¥–Ω–∏–∫–æ–º –∏ –≤–∞—à–∏–º –Ω–∞–Ω–∏–º–∞—Ç–µ–ª–µ–º. –£—Å–ø–µ—à–Ω—ã–µ –ø–µ—Ä–µ–≥–æ–≤–æ—Ä—ã –Ω–∞—á–∏–Ω–∞—é—Ç—Å—è –∑–∞–¥–æ–ª–≥–æ –¥–æ —Ä–∞–∑–≥–æ–≤–æ—Ä–∞ —Å —Ä—É–∫–æ–≤–æ–¥–∏—Ç–µ–ª–µ–º - –±–µ–∑ –ø—Ä–µ–¥–≤–∞—Ä–∏—Ç–µ–ª—å–Ω–æ–π –ø–æ–¥–≥–æ—Ç–æ–≤–∫–∏ —à–∞–Ω—Å—ã –Ω–∞ —É—Å–ø–µ—Ö –ø–∞–¥–∞—é—Ç –≤ 2 —Ä–∞–∑–∞. –¢—Ä–∏ –∫–ª—é—á–µ–≤—ã—Ö –º–æ–º–µ–Ω—Ç–∞. –†—ã–Ω–æ—á–Ω—ã–µ –∑–∞—Ä–ø–ª–∞—Ç—ã: –ø–æ—Å–º–æ—Ç—Ä–∏—Ç–µ —Å—Ä–µ–¥–Ω–∏–µ –∑–Ω–∞—á–µ–Ω–∏—è –¥–ª—è –≤–∞—à–µ–π –¥–æ–ª–∂–Ω–æ—Å—Ç–∏ –Ω–∞ —Ä—ã–Ω–∫–µ, –Ω–∞–ø—Ä–∏–º–µ—Ä –Ω–∞ hh.ru. –†–∞—Å—Å—á–∏—Ç–∞–π—Ç–µ –≤–∞—à –≤–∫–ª–∞–¥: –ø—Ä–∏–±—ã–ª—å –æ—Ç –≤–∞—à–∏—Ö –ø—Ä–æ–µ–∫—Ç–æ–≤, —Å—ç–∫–æ–Ω–æ–º–ª–µ–Ω–Ω—ã–µ —Ä–µ—Å—É—Ä—Å—ã –∏–ª–∏ —É–ª—É—á—à–µ–Ω–Ω—ã–µ –ø—Ä–æ—Ü–µ—Å—Å—ã. –ü–æ–¥–±–µ—Ä–∏—Ç–µ —É–¥–∞—á–Ω—ã–π –º–æ–º–µ–Ω—Ç, –Ω–∞–ø—Ä–∏–º–µ—Ä, –ø–æ—Å–ª–µ –∑–∞–≤–µ—Ä—à–µ–Ω–∏—è –≤–∞–∂–Ω–æ–≥–æ —ç—Ç–∞–ø–∞ —Ä–∞–±–æ—Ç—ã.","–•–æ—á—É –ø–æ–Ω—è—Ç—å, —á–µ–≥–æ —è —Å—Ç–æ—é –Ω–∞ —Ä—ã–Ω–∫–µ","–û—Ç–ª–∏—á–Ω–æ, –ø–æ–Ω—è—Ç—å —Å–≤–æ—é —Ü–µ–Ω—É ‚Äî —ç—Ç–æ –≤–∑—Ä–æ—Å–ª—ã–π –ø–æ–¥—Ö–æ–¥.",3,"–í –ø–æ–∏—Å–∫–∞—Ö —Å–≤–æ–µ–π —Ü–µ–Ω—ã. –¢—ã –ø–æ–Ω–∏–º–∞–µ—à—å, —á—Ç–æ –∑–Ω–∞–Ω–∏–µ —Ä—ã–Ω–æ—á–Ω–æ–π —Å—Ç–æ–∏–º–æ—Å—Ç–∏ ‚Äî –∫–ª—é—á –∫ —É—Å–ø–µ—à–Ω—ã–º –ø–µ—Ä–µ–≥–æ–≤–æ—Ä–∞–º. –≠—Ç–æ –∑—Ä–µ–ª—ã–π –∏ –ø—Ä–æ–¥—É–º–∞–Ω–Ω—ã–π –ø–æ–¥—Ö–æ–¥.",–ù–µ—Ç,üìä,–í –ø–æ–∏—Å–∫–∞—Ö —Å–≤–æ–µ–π —Ü–µ–Ω—ã.,–ó–Ω–∞–Ω–∏–µ —Å–≤–æ–µ–π —Ä—ã–Ω–æ—á–Ω–æ–π —Å—Ç–æ–∏–º–æ—Å—Ç–∏ ‚Äî —ç—Ç–æ —Å–∏–ª–∞. –ü—Ä–æ–≤–µ—Ä—å —Ç–µ–∫—É—â–∏–µ –≤–∞–∫–∞–Ω—Å–∏–∏ –∏ –ø–æ–¥–∫—Ä–µ–ø–∏ —Å–≤–æ–∏ –∑–∞–ø—Ä–æ—Å—ã –Ω–µ–ø—Ä–µ—Ä–µ–∫–∞–µ–º—ã–º–∏ –¥–∞–Ω–Ω—ã–º–∏.
1,2,5,"–ó–∞–ø—Ä–æ—Å –Ω–∞ –ø–æ–≤—ã—à–µ–Ω–∏–µ –∑–∞—Ä–ø–ª–∞—Ç—ã - —ç—Ç–æ –Ω–µ —á–µ–ª–æ–±–∏—Ç–Ω–∞—è, —ç—Ç–æ –ø–µ—Ä–µ–≥–æ–≤–æ—Ä—ã –º–µ–∂–¥—É –≤–∞–º–∏ –∫–∞–∫ —Å–æ—Ç—Ä—É–¥–Ω–∏–∫–æ–º –∏ –≤–∞—à–∏–º –Ω–∞–Ω–∏–º–∞—Ç–µ–ª–µ–º. –£—Å–ø–µ—à–Ω—ã–µ –ø–µ—Ä–µ–≥–æ–≤–æ—Ä—ã –Ω–∞—á–∏–Ω–∞—é—Ç—Å—è –∑–∞–¥–æ–ª–≥–æ –¥–æ —Ä–∞–∑–≥–æ–≤–æ—Ä–∞ —Å —Ä—É–∫–æ–≤–æ–¥–∏—Ç–µ–ª–µ–º - –±–µ–∑ –ø—Ä–µ–¥–≤–∞—Ä–∏—Ç–µ–ª—å–Ω–æ–π –ø–æ–¥–≥–æ—Ç–æ–≤–∫–∏ —à–∞–Ω—Å—ã –Ω–∞ —É—Å–ø–µ—Ö –ø–∞–¥–∞—é—Ç –≤ 2 —Ä–∞–∑–∞. –¢—Ä–∏ –∫–ª—é—á–µ–≤—ã—Ö –º–æ–º–µ–Ω—Ç–∞. –†—ã–Ω–æ—á–Ω—ã–µ –∑–∞—Ä–ø–ª–∞—Ç—ã: –ø–æ—Å–º–æ—Ç—Ä–∏—Ç–µ —Å—Ä–µ–¥–Ω–∏–µ –∑–Ω–∞—á–µ–Ω–∏—è –¥–ª—è –≤–∞—à–µ–π –¥–æ–ª–∂–Ω–æ—Å—Ç–∏ –Ω–∞ —Ä—ã–Ω–∫–µ, –Ω–∞–ø—Ä–∏–º–µ—Ä –Ω–∞ hh.ru. –†–∞—Å—Å—á–∏—Ç–∞–π—Ç–µ –≤–∞—à –≤–∫–ª–∞–¥: –ø—Ä–∏–±—ã–ª—å –æ—Ç –≤–∞—à–∏—Ö –ø—Ä–æ–µ–∫—Ç–æ–≤, —Å—ç–∫–æ–Ω–æ–º–ª–µ–Ω–Ω—ã–µ —Ä–µ—Å—É—Ä—Å—ã –∏–ª–∏ —É–ª—É—á—à–µ–Ω–Ω—ã–µ –ø—Ä–æ—Ü–µ—Å—Å—ã. –ü–æ–¥–±–µ—Ä–∏—Ç–µ —É–¥–∞—á–Ω—ã–π –º–æ–º–µ–Ω—Ç, –Ω–∞–ø—Ä–∏–º–µ—Ä, –ø–æ—Å–ª–µ –∑–∞–≤–µ—Ä—à–µ–Ω–∏—è –≤–∞–∂–Ω–æ–≥–æ —ç—Ç–∞–ø–∞ —Ä–∞–±–æ—Ç—ã.","–ï—â—ë –Ω–µ —É–≤–µ—Ä–µ–Ω(–∞), —Ö–æ—á—É —Ä–∞–∑–æ–±—Ä–∞—Ç—å—Å—è","–ù–µ —Å—Ç—Ä–∞—à–Ω–æ, –≤—Å–µ –Ω–∞—á–∏–Ω–∞—é—Ç —Å —ç—Ç–æ–≥–æ. –†–∞–∑–æ–±—Ä–∞—Ç—å—Å—è –≤ —Å–µ–±–µ –∏ —Å–≤–æ–∏—Ö –≤–æ–∑–º–æ–∂–Ω–æ—Å—Ç—è—Ö, - —ç—Ç–æ —Å–ª–æ–∂–Ω—ã–π –∏ –æ—Ç–≤–µ—Ç—Å—Ç–≤–µ–Ω–Ω—ã–π —à–∞–≥.",3,"–ë—É–¥—É—â–∏–π –∫–∞—Ä—å–µ—Ä–∏—Å—Ç. –¢—ã –µ—â—ë –Ω–µ –æ–ø—Ä–µ–¥–µ–ª–∏–ª—Å—è, –Ω–æ —É–∂–µ –∑–Ω–∞–µ—à—å, —á—Ç–æ —Ö–æ—á–µ—à—å –±–æ–ª—å—à–µ. –≠—Ç–æ –≤–∞–∂–Ω–µ–µ, —á–µ–º —Ç—ã –¥—É–º–∞–µ—à—å.",–ù–µ—Ç,‚ùì,–ë—É–¥—É—â–∏–π –∫–∞—Ä—å–µ—Ä–∏—Å—Ç.,"–ï—â—ë –Ω–µ –æ–ø—Ä–µ–¥–µ–ª–∏–ª—Å—è, –Ω–æ —É–∂–µ –Ω–∞ –≤–µ—Ä–Ω–æ–º –ø—É—Ç–∏. –ü—Ä–æ–π–¥—è —ç—Ç–æ—Ç –æ–ø—Ä–æ—Å —Ç—ã —É–∂–µ –ø–æ–∫–∞–∑–∞–ª –º–æ—Ç–∏–≤–∞—Ü–∏—é. –û—Å—Ç–∞–ª–æ—Å—å –ø—Ä–µ–≤—Ä–∞—Ç–∏—Ç—å –µ–µ –¥–ª—è —Å–µ–±—è —á—ë—Ç–∫–∏–π –ø–ª–∞–Ω."
1,3,6,"–†—É–∫–æ–≤–æ–¥–∏—Ç–µ–ª—å —Å–∫–∞–∂–µ—Ç ¬´–¥–∞¬ª —Ç–æ–ª—å–∫–æ –µ—Å–ª–∏ —É–≤–∏–¥–∏—Ç –ø—Ä—è–º—É—é –ø—Ä–∏–Ω–µ—Å–µ–Ω–Ω—É—é –ø—Ä–∏–±—ã–ª—å –¥–ª—è –∫–æ–º–ø–∞–Ω–∏–∏. –ò —á—Ç–æ —Å–æ—Ö—Ä–∞–Ω–µ–Ω–∏–µ –≤–∞—Å –≤ —à—Ç–∞—Ç–µ –∫–∞–∫ —Å–ø–µ—Ü–∏–∞–ª–∏—Å—Ç–∞ –≥–æ—Ä–∞–∑–¥–æ —Ü–µ–Ω–Ω–µ–µ, —á–µ–º –Ω–µ–±–æ–ª—å—à–æ–µ —É–≤–µ–ª–∏—á–µ–Ω–∏–µ –æ–∫–ª–∞–¥–∞. –í–∞—à–∏ –∞—Ä–≥—É–º–µ–Ω—Ç—ã –º–æ–≥—É—Ç –±—ã—Ç—å: –§–∏–Ω–∞–Ω—Å–æ–≤—ã–º–∏: ¬´–Ø —É–≤–µ–ª–∏—á–∏–ª –¥–æ—Ö–æ–¥ –æ—Ç–¥–µ–ª–∞ –Ω–∞ 15%¬ª. –≠–∫—Å–ø–µ—Ä—Ç–Ω—ã–º–∏: ¬´–ú–æ–∏ –Ω–∞–≤—ã–∫–∏ –≤ SEO —Å–æ–∫—Ä–∞—Ç–∏–ª–∏ –∑–∞—Ç—Ä–∞—Ç—ã –Ω–∞ —Ä–µ–∫–ª–∞–º—É¬ª. –°—Ç—Ä–∞—Ç–µ–≥–∏—á–µ—Å–∫–∏–º–∏: ¬´–ú–æ—è —Ä–∞–±–æ—Ç–∞ –Ω–∞–¥ –ø—Ä–æ–µ–∫—Ç–æ–º X –ø—Ä–∏–≤–µ–ª–∞ –∫ –ø–∞—Ä—Ç–Ω—ë—Ä—Å—Ç–≤—É —Å –∫–æ–º–ø–∞–Ω–∏–µ–π Y¬ª. –ß–µ–º –∫–æ–Ω–∫—Ä–µ—Ç–Ω–µ–µ –ø—Ä–∏–º–µ—Ä—ã ‚Äî —Ç–µ–º —É–±–µ–¥–∏—Ç–µ–ª—å–Ω–µ–µ –≤–∞—à–∞ –ø–æ–∑–∏—Ü–∏—è.",–°–±–æ—Ä —Ä—ã–Ω–æ—á–Ω—ã—Ö –¥–∞–Ω–Ω—ã—Ö,"–ü—Ä–µ–≤–æ—Å—Ö–æ–¥–Ω–æ, –∏—Å–ø–æ–ª—å–∑–æ–≤–∞—Ç—å —Ä—ã–Ω–æ—á–Ω—ã–µ –¥–∞–Ω–Ω—ã–µ ‚Äî —ç—Ç–æ –≥–ª–∞–≤–Ω–∞—è –æ—Å–Ω–æ–≤–∞ –¥–ª—è –æ–±–æ—Å–Ω–æ–≤–∞–Ω–Ω–æ–π –∞—Ä–≥—É–º–µ–Ω—Ç–∞—Ü–∏–∏.",4,"–û—Ü–µ–Ω—â–∏–∫ –ø–µ—Ä—Å–ø–µ–∫—Ç–∏–≤. –¢—ã –¥–æ–≤–µ—Ä—è–µ—à—å —Ñ–∞–∫—Ç–∞–º –∏ —Ü–∏—Ñ—Ä–∞–º. –≠—Ç–æ —Ä–∞–∑—É–º–Ω—ã–π –ø–æ–¥—Ö–æ–¥, –æ—Å–æ–±–µ–Ω–Ω–æ –µ—Å–ª–∏ —Ç—ã —Ä–∞–±–æ—Ç–∞–µ—à—å –≤ –∫–æ–Ω–∫—É—Ä–µ–Ω—Ç–Ω–æ–π —Å—Ñ–µ—Ä–µ.",–ù–µ—Ç,üìä,–û—Ü–µ–Ω—â–∏–∫ –ø–µ—Ä—Å–ø–µ–∫—Ç–∏–≤.,"–î–æ–≤–µ—Ä—è–µ—à—å —Ü–∏—Ñ—Ä–∞–º ‚Äî –æ—Ç–ª–∏—á–Ω–æ. –ò—Å–ø–æ–ª—å–∑—É–π –æ—Ç—á—ë—Ç—ã, –º–µ—Ç—Ä–∏–∫–∏ –∏ —Å—Ç–∞—Ç–∏—Å—Ç–∏–∫—É –∫–∞–∫ –∞—Ä–≥—É–º–µ–Ω—Ç."
1,3,7,"–†—É–∫–æ–≤–æ–¥–∏—Ç–µ–ª—å —Å–∫–∞–∂–µ—Ç ¬´–¥–∞¬ª —Ç–æ–ª—å–∫–æ –µ—Å–ª–∏ —É–≤–∏–¥–∏—Ç –ø—Ä—è–º—É—é –ø—Ä–∏–Ω–µ—Å–µ–Ω–Ω—É—é –ø—Ä–∏–±—ã–ª—å –¥–ª—è –∫–æ–º–ø–∞–Ω–∏–∏. –ò —á—Ç–æ —Å–æ—Ö—Ä–∞–Ω–µ–Ω–∏–µ –≤–∞—Å –≤ —à—Ç–∞—Ç–µ –∫–∞–∫ —Å–ø–µ—Ü–∏–∞–ª–∏—Å—Ç–∞ –≥–æ—Ä–∞–∑–¥–æ —Ü–µ–Ω–Ω–µ–µ, —á–µ–º –Ω–µ–±–æ–ª—å—à–æ–µ —É–≤–µ–ª–∏—á–µ–Ω–∏–µ –æ–∫–ª–∞–¥–∞. –í–∞—à–∏ –∞—Ä–≥—É–º–µ–Ω—Ç—ã –º–æ–≥—É—Ç –±—ã—Ç—å: –§–∏–Ω–∞–Ω—Å–æ–≤—ã–º–∏: ¬´–Ø —É–≤–µ–ª–∏—á–∏–ª –¥–æ—Ö–æ–¥ –æ—Ç–¥–µ–ª–∞ –Ω–∞ 15%¬ª. –≠–∫—Å–ø–µ—Ä—Ç–Ω—ã–º–∏: ¬´–ú–æ–∏ –Ω–∞–≤—ã–∫–∏ –≤ SEO —Å–æ–∫—Ä–∞—Ç–∏–ª–∏ –∑–∞—Ç—Ä–∞—Ç—ã –Ω–∞ —Ä–µ–∫–ª–∞–º—É¬ª. –°—Ç—Ä–∞—Ç–µ–≥–∏—á–µ—Å–∫–∏–º–∏: ¬´–ú–æ—è —Ä–∞–±–æ—Ç–∞ –Ω–∞–¥ –ø—Ä–æ–µ–∫—Ç–æ–º X –ø—Ä–∏–≤–µ–ª–∞ –∫ –ø–∞—Ä—Ç–Ω—ë—Ä—Å—Ç–≤—É —Å –∫–æ–º–ø–∞–Ω–∏–µ–π Y¬ª. –ß–µ–º –∫–æ–Ω–∫—Ä–µ—Ç–Ω–µ–µ –ø—Ä–∏–º–µ—Ä—ã ‚Äî —Ç–µ–º —É–±–µ–¥–∏—Ç–µ–ª—å–Ω–µ–µ –≤–∞—à–∞ –ø–æ–∑–∏—Ü–∏—è.",–û—Ü–µ–Ω–∫–∞ —Å–≤–æ–µ–≥–æ –≤–∫–ª–∞–¥–∞,–ü—Ä–∞–≤–∏–ª—å–Ω–æ! –í–∞—à –≤–∫–ª–∞–¥ –≤ –∫–æ–º–ø–∞–Ω–∏—é ‚Äî –∫–ª—é—á–µ–≤–æ–π –∞—Ä–≥—É–º–µ–Ω—Ç. –î–∞–≤–∞–π—Ç–µ –∑–∞–∫—Ä–µ–ø–∏–º –µ–≥–æ –≤ —Ç–≤–æ–∏—Ö —Å–ª–æ–≤–∞—Ö.,4,–°—Ç—Ä–∞—Ç–µ–≥. –¢—ã —É–º–µ–µ—à—å –≤–∏–¥–µ—Ç—å —Å–≤–æ—ë –∑–Ω–∞—á–µ–Ω–∏–µ –∏ –∞—Ä–≥—É–º–µ–Ω—Ç–∏—Ä–æ–≤–∞—Ç—å –µ–≥–æ. –≠—Ç–æ –≤–∞–∂–Ω—ã–π –Ω–∞–≤—ã–∫ –¥–ª—è –ª—é–±–æ–≥–æ –ø—Ä–æ—Ñ–µ—Å—Å–∏–æ–Ω–∞–ª–∞.,–ù–µ—Ç,üéØ,–°—Ç—Ä–∞—Ç–µ–≥.,"–í–∏–¥–∏—à—å —Å–≤–æ–π –≤–∫–ª–∞–¥ ‚Äî –æ—Ñ–æ—Ä–º–∏ –µ–≥–æ –≤ —Å–ø–∏—Å–æ–∫: –ø—Ä–æ–µ–∫—Ç—ã, –ø—Ä–∏–±—ã–ª—å, —ç–∫–æ–Ω–æ–º–∏—è. –≠—Ç–æ —Ç–≤–æ—ë –¥–æ—Å—å–µ."
1,3,8,"–†—É–∫–æ–≤–æ–¥–∏—Ç–µ–ª—å —Å–∫–∞–∂–µ—Ç ¬´–¥–∞¬ª —Ç–æ–ª—å–∫–æ –µ—Å–ª–∏ —É–≤–∏–¥–∏—Ç –ø—Ä—è–º—É—é –ø—Ä–∏–Ω–µ—Å–µ–Ω–Ω—É—é –ø—Ä–∏–±—ã–ª—å –¥–ª—è –∫–æ–º–ø–∞–Ω–∏–∏. –ò —á—Ç–æ —Å–æ—Ö—Ä–∞–Ω–µ–Ω–∏–µ –≤–∞—Å –≤ —à—Ç–∞—Ç–µ –∫–∞–∫ —Å–ø–µ—Ü–∏–∞–ª–∏—Å—Ç–∞ –≥–æ—Ä–∞–∑–¥–æ —Ü–µ–Ω–Ω–µ–µ, —á–µ–º –Ω–µ–±–æ–ª—å—à–æ–µ —É–≤–µ–ª–∏—á–µ–Ω–∏–µ –æ–∫–ª–∞–¥–∞. –í–∞—à–∏ –∞—Ä–≥—É–º–µ–Ω—Ç—ã –º–æ–≥—É—Ç –±—ã—Ç—å: –§–∏–Ω–∞–Ω—Å–æ–≤—ã–º–∏: ¬´–Ø —É–≤–µ–ª–∏—á–∏–ª –¥–æ—Ö–æ–¥ –æ—Ç–¥–µ–ª–∞ –Ω–∞ 15%¬ª. –≠–∫—Å–ø–µ—Ä—Ç–Ω—ã–º–∏: ¬´–ú–æ–∏ –Ω–∞–≤—ã–∫–∏ –≤ SEO —Å–æ–∫—Ä–∞—Ç–∏–ª–∏ –∑–∞—Ç—Ä–∞—Ç—ã –Ω–∞ —Ä–µ–∫–ª–∞–º—É¬ª. –°—Ç—Ä–∞—Ç–µ–≥–∏—á–µ—Å–∫–∏–º–∏: ¬´–ú–æ—è —Ä–∞–±–æ—Ç–∞ –Ω–∞–¥ –ø—Ä–æ–µ–∫—Ç–æ–º X –ø—Ä–∏–≤–µ–ª–∞ –∫ –ø–∞—Ä—Ç–Ω—ë—Ä—Å—Ç–≤—É —Å –∫–æ–º–ø–∞–Ω–∏–µ–π Y¬ª. –ß–µ–º –∫–æ–Ω–∫—Ä–µ—Ç–Ω–µ–µ –ø—Ä–∏–º–µ—Ä—ã ‚Äî —Ç–µ–º —É–±–µ–¥–∏—Ç–µ–ª—å–Ω–µ–µ –≤–∞—à–∞ –ø–æ–∑–∏—Ü–∏—è.",–í—ã–±–æ—Ä –º–æ–º–µ–Ω—Ç–∞ –¥–ª—è —Ä–∞–∑–≥–æ–≤–æ—Ä–∞,"–•–æ—Ä–æ—à–æ, —Ç—ã —á—É–≤—Å—Ç–≤—É–µ—à—å –≤–∞–∂–Ω–æ—Å—Ç—å –≤—Ä–µ–º–µ–Ω–∏ –∏ –≤—ã–±–æ—Ä–∞ –ø–æ–¥—Ö–æ–¥—è—â–µ–π —Ç–∞–∫—Ç–∏–∫–∏.",4,"–†–∞–∑—É–º–Ω—ã–π –ø–µ—Ä–µ–≥–æ–≤–æ—Ä—â–∏–∫. –¢—ã –ø–æ–Ω–∏–º–∞–µ—à—å, —á—Ç–æ –≤—Ä–µ–º—è –∏–º–µ–µ—Ç –∑–Ω–∞—á–µ–Ω–∏–µ. –≠—Ç–æ –≤–∞–∂–Ω—ã–π —ç–ª–µ–º–µ–Ω—Ç —É—Å–ø–µ—à–Ω—ã—Ö –ø–µ—Ä–µ–≥–æ–≤–æ—Ä–æ–≤.",–ù–µ—Ç,üìÜ,–†–∞–∑—É–º–Ω—ã–π –ø–µ—Ä–µ–≥–æ–≤–æ—Ä—â–∏–∫.,"–ß—É–≤—Å—Ç–≤—É–µ—à—å –≤–∞–∂–Ω–æ—Å—Ç—å –º–æ–º–µ–Ω—Ç–∞. –õ—É—á—à–µ–µ –≤—Ä–µ–º—è ‚Äî –ø–æ—Å–ª–µ –¥–æ—Å—Ç–∏–≥–Ω—É—Ç–æ–≥–æ —É—Å–ø–µ—Ö–∞, –∞ –Ω–µ –≤ –ø–∏–∫ –Ω–∞–≥—Ä—É–∑–∫–∏ –Ω–µ–∑–∞–≤–µ—Ä—à–µ–Ω–Ω—ã—Ö –ø—Ä–æ–µ–∫—Ç–æ–≤."
1,4,9,"–°—Ç–∏–ª—å –ø–µ—Ä–µ–≥–æ–≤–æ—Ä–æ–≤ –∫—Ä–∞–π–Ω–µ –≤–∞–∂–µ–Ω - –æ–¥–∏–Ω –∏ —Ç–æ—Ç –∂–µ –∞—Ä–≥—É–º–µ–Ω—Ç –º–æ–∂–Ω–æ –ø–æ–¥–∞—Ç—å –ø–æ-—Ä–∞–∑–Ω–æ–º—É. –§–∞–∫—Ç—ã –∏ —Ü–∏—Ñ—Ä—ã —Ä–∞–±–æ—Ç–∞—é—Ç –≤ —Ç–µ—Ö–Ω–∏—á–µ—Å–∫–∏—Ö —Å—Ñ–µ—Ä–∞—Ö: ¬´–í–æ—Ç –æ—Ç—á–µ—Ç, –ø–æ–¥—Ç–≤–µ—Ä–∂–¥–∞—é—â–∏–π –º–æ—é —ç—Ñ—Ñ–µ–∫—Ç–∏–≤–Ω–æ—Å—Ç—å¬ª. –≠–º–æ—Ü–∏–∏ –∏ –∏—Å—Ç–æ—Ä–∏–∏ ‚Äî –≤ —Ç–≤–æ—Ä—á–µ—Å–∫–∏—Ö: ¬´–ö–ª–∏–µ–Ω—Ç –≤—ã–±—Ä–∞–ª –Ω–∞—Å, –ø–æ—Ç–æ–º—É —á—Ç–æ —è –ø—Ä–µ–¥–ª–æ–∂–∏–ª –Ω–µ—Å—Ç–∞–Ω–¥–∞—Ä—Ç–Ω–æ–µ —Ä–µ—à–µ–Ω–∏–µ¬ª. –ù–æ –ª—É—á—à–∏–π –≤–∞—Ä–∏–∞–Ω—Ç ‚Äî –∫–æ–º–±–∏–Ω–∞—Ü–∏—è: –Ω–∞—á–∞—Ç—å —Å —Ü–∏—Ñ—Ä, –∞ –∑–∞—Ç–µ–º –ø–æ–¥–∫—Ä–µ–ø–∏—Ç—å –∏—Ö –ø—Ä–∏–º–µ—Ä–æ–º –∏–∑ –ø—Ä–∞–∫—Ç–∏–∫–∏.",–§–∞–∫—Ç—ã –∏ —Ü–∏—Ñ—Ä—ã,–§–∞–∫—Ç—ã ‚Äî –≤–æ—Ç —Ç–≤–æ–π –≥–ª–∞–≤–Ω—ã–π –∫–æ–∑—ã—Ä—å! –ö–æ—Ç–æ—Ä—ã–µ –¥–æ–ª–∂–Ω—ã –æ–ø–∏—Ä–≤–∞—Ç—å—Å—è –Ω–∞ –æ–±—ä–µ–∫—Ç–∏–≤–Ω—ã–µ –∞—Ä–≥—É–º–µ–Ω—Ç—ã.,5,"–û—Å—Ç–æ—Ä–æ–∂–Ω—ã–π –ª–æ–≥–∏–∫. –¢—ã –ø–æ–ª–∞–≥–∞–µ—à—å—Å—è –Ω–∞ —Ñ–∞–∫—Ç—ã –∏ –¥–∞–Ω–Ω—ã–µ. –≠—Ç–æ —Ä–∞–∑—É–º–Ω–∞—è —Å—Ç—Ä–∞—Ç–µ–≥–∏—è, –æ—Å–æ–±–µ–Ω–Ω–æ –≤ —Ç–µ—Ö–Ω–∏—á–µ—Å–∫–∏—Ö –∏ –∞–Ω–∞–ª–∏—Ç–∏—á–µ—Å–∫–∏—Ö —Å—Ñ–µ—Ä–∞—Ö.",–ù–µ—Ç,üìä,–û—Å—Ç–æ—Ä–æ–∂–Ω—ã–π –ª–æ–≥–∏–∫.,–ü–æ–ª–∞–≥–∞–µ—à—å—Å—è –Ω–∞ —Ñ–∞–∫—Ç—ã ‚Äî –ø–æ–¥–∫—Ä–µ–ø–∏ –∑–∞–ø—Ä–æ—Å —Ä—ã–Ω–æ—á–Ω—ã–º–∏ –¥–∞–Ω–Ω—ã–º–∏ –∏ KPI. –ë—É–¥—å —Ö–ª–∞–¥–Ω–æ–∫—Ä–æ–≤–µ–Ω.
1,4,10,"–°—Ç–∏–ª—å –ø–µ—Ä–µ–≥–æ–≤–æ—Ä–æ–≤ –∫—Ä–∞–π–Ω–µ –≤–∞–∂–µ–Ω - –æ–¥–∏–Ω –∏ —Ç–æ—Ç –∂–µ –∞—Ä–≥—É–º–µ–Ω—Ç –º–æ–∂–Ω–æ –ø–æ–¥–∞—Ç—å –ø–æ-—Ä–∞–∑–Ω–æ–º—É. –§–∞–∫—Ç—ã –∏ —Ü–∏—Ñ—Ä—ã —Ä–∞–±–æ—Ç–∞—é—Ç –≤ —Ç–µ—Ö–Ω–∏—á–µ—Å–∫–∏—Ö —Å—Ñ–µ—Ä–∞—Ö: ¬´–í–æ—Ç –æ—Ç—á–µ—Ç, –ø–æ–¥—Ç–≤–µ—Ä–∂–¥–∞—é—â–∏–π –º–æ—é —ç—Ñ—Ñ–µ–∫—Ç–∏–≤–Ω–æ—Å—Ç—å¬ª. –≠–º–æ—Ü–∏–∏ –∏ –∏—Å—Ç–æ—Ä–∏–∏ ‚Äî –≤ —Ç–≤–æ—Ä—á–µ—Å–∫–∏—Ö: ¬´–ö–ª–∏–µ–Ω—Ç –≤—ã–±—Ä–∞–ª –Ω–∞—Å, –ø–æ—Ç–æ–º—É —á—Ç–æ —è –ø—Ä–µ–¥–ª–æ–∂–∏–ª –Ω–µ—Å—Ç–∞–Ω–¥–∞—Ä—Ç–Ω–æ–µ —Ä–µ—à–µ–Ω–∏–µ¬ª. –ù–æ –ª—É—á—à–∏–π –≤–∞—Ä–∏–∞–Ω—Ç ‚Äî –∫–æ–º–±–∏–Ω–∞—Ü–∏—è: –Ω–∞—á–∞—Ç—å —Å —Ü–∏—Ñ—Ä, –∞ –∑–∞—Ç–µ–º –ø–æ–¥–∫—Ä–µ–ø–∏—Ç—å –∏—Ö –ø—Ä–∏–º–µ—Ä–æ–º –∏–∑ –ø—Ä–∞–∫—Ç–∏–∫–∏.",–≠–º–æ—Ü–∏–æ–Ω–∞–ª—å–Ω–∞—è –ø–æ–¥–∞—á–∞,"–≠–º–æ—Ü–∏–∏ —Ç–æ–∂–µ –≤–∞–∂–Ω—ã, –Ω–æ –∏—Ö –Ω—É–∂–Ω–æ –ø–æ–¥–∫—Ä–µ–ø–ª—è—Ç—å —Ñ–∞–∫—Ç–∞–º–∏. –ö—Ä–∞–π–Ω–µ –≤–∞–∂–Ω–æ –Ω–∞–π—Ç–∏ –±–∞–ª–∞–Ω—Å.",5,–ü—Ä–∏—Ä–æ–¥–Ω—ã–π –∫–æ–º–º—É–Ω–∏–∫–∞—Ç–æ—Ä. –¢—ã —á—É–≤—Å—Ç–≤—É–µ—à—å —Å–∏–ª—É —Å–ª–æ–≤–∞ –∏ —ç–º–æ—Ü–∏–π. –ì–ª–∞–≤–Ω–æ–µ ‚Äî –Ω–µ –∑–∞–±—ã–≤–∞—Ç—å –ø–æ–¥–∫—Ä–µ–ø–ª—è—Ç—å –∏—Ö –∫–æ–Ω–∫—Ä–µ—Ç–∏–∫–æ–π.,–ù–µ—Ç,üí¨,–ü—Ä–∏—Ä–æ–¥–Ω—ã–π –∫–æ–º–º—É–Ω–∏–∫–∞—Ç–æ—Ä.,"–£–º–µ–µ—à—å –≤–¥–æ—Ö–Ω–æ–≤–ª—è—Ç—å ‚Äî –Ω–∞—á–Ω–∏ —Å –∏—Å—Ç–æ—Ä–∏–∏ —É—Å–ø–µ—Ö–∞, –ø–æ—Ç–æ–º –¥–æ–±–∞–≤—å —Ü–∏—Ñ—Ä—ã. –ì–æ–ª—ã–µ —Ñ–∞–∫—Ç—ã –ª–µ–∂–∞—Ç –≤ –æ—Å–Ω–æ–≤–µ —É–º–µ–Ω–∏—è —É–±–µ–∂–¥–∞—Ç—å."
1,5,11,"–°–ø–æ—Å–æ–± –æ–±—Å—É–∂–¥–µ–Ω–∏—è –≤–ª–∏—è–µ—Ç –Ω–∞ —Ä–µ–∑—É–ª—å—Ç–∞—Ç —Ç–∞–∫ –∂–µ, –∫–∞–∫ –∏ —Å–æ–¥–µ—Ä–∂–∞–Ω–∏–µ. –õ–∏—á–Ω–∞—è –≤—Å—Ç—Ä–µ—á–∞ –ø–æ–∑–≤–æ–ª—è–µ—Ç —Å—Ä–∞–∑—É —Ä–µ–∞–≥–∏—Ä–æ–≤–∞—Ç—å –Ω–∞ –≤–æ–∑—Ä–∞–∂–µ–Ω–∏—è –∏ –≤–∏–¥–µ—Ç—å –Ω–µ–≤–µ—Ä–±–∞–ª—å–Ω—ã–µ —Å–∏–≥–Ω–∞–ª—ã. –û–¥–Ω–∞–∫–æ –æ–Ω —Ç—Ä–µ–±—É–µ—Ç –≤–Ω—É—Ç—Ä–µ–Ω–Ω–µ–π —É–≤–µ—Ä–µ–Ω–Ω–æ—Å—Ç–∏ –∏ —Å–æ–±—Ä–∞–Ω–Ω–æ—Å—Ç–∏. –ü–∏—Å—å–º–µ–Ω–Ω–æ–µ –æ–±—Ä–∞—â–µ–Ω–∏–µ –¥–∞—ë—Ç –≤—Ä–µ–º—è –Ω–∞ —Ñ–æ—Ä–º—É–ª–∏—Ä–æ–≤–∫—É –º—ã—Å–ª–µ–π –∏ –ø–æ–¥–±–æ—Ä —Ç–µ–∑–∏—Å–æ–≤, –Ω–æ –º–æ–∂–µ—Ç –±—ã—Ç—å —Å–ª—É—á–∞–π–Ω–æ –∏–ª–∏ –Ω–∞–º–µ—Ä–µ–Ω–Ω–æ –ø—Ä–æ–∏–≥–Ω–æ—Ä–∏—Ä–æ–≤–∞–Ω–æ –°–æ–≤–µ—Ç: —Å–æ—Å—Ç–∞–≤—å—Ç–µ –ø–∏—Å—å–º–µ–Ω–Ω—ã–π –ø–ª–∞–Ω, –∞ –∑–∞—Ç–µ–º –ø—Ä–µ–¥–ª–æ–∂–∏—Ç–µ –æ–±—Å—É–¥–∏—Ç—å –µ–≥–æ –ª–∏—á–Ω–æ.",–õ–∏—á–Ω–∞—è –≤—Å—Ç—Ä–µ—á–∞,–õ–∏—á–Ω–∞—è –≤—Å—Ç—Ä–µ—á–∞ ‚Äî –ª—É—á—à–∏–π –≤–∞—Ä–∏–∞–Ω—Ç –¥–ª—è –ø–æ–¥–≤–µ–¥–µ–Ω–∏—è –∏—Ç–æ–≥–æ–≤ –ø–µ—Ä–µ–≥–æ–≤–æ—Ä–æ–≤. –ù–æ –ø–µ—Ä–µ–¥ —ç—Ç–∏–º —Å—Ç–æ–∏—Ç –ø—Ä–æ–≤–µ—Å—Ç–∏ –ø–æ–¥–≥–æ—Ç–æ–≤–∫—É.,6,–ë—Ä–æ—Å–∞—é—â–∏–π –≤—ã–∑–æ–≤. –¢—ã –ø—Ä–µ–¥–ø–æ—á–∏—Ç–∞–µ—à—å –∂–∏–≤–æ–µ –æ–±—â–µ–Ω–∏–µ. –≠—Ç–æ —Å–æ–∑–¥–∞—ë—Ç –¥–æ–≤–µ—Ä–∏–µ –∏ –ø–æ–∑–≤–æ–ª—è–µ—Ç —Å—Ä–∞–∑—É —Ä–µ–∞–≥–∏—Ä–æ–≤–∞—Ç—å –Ω–∞ —Ä–µ–∞–∫—Ü–∏—é —Å–æ–±–µ—Å–µ–¥–Ω–∏–∫–∞.,–ù–µ—Ç,ü§ù,–ë—Ä–æ—Å–∞—é—â–∏–π –≤—ã–∑–æ–≤.,–ö–æ–≥–¥–∞ –≤—ã–±–∏—Ä–∞–µ—à—å –∂–∏–≤–æ–µ –æ–±—â–µ–Ω–∏–µ ‚Äî –≥–æ—Ç–æ–≤—å—Å—è –∫ –¥–∏–∞–ª–æ–≥—É: –æ—Ç—Ä–∞–±–æ—Ç–∞–π –æ—Ç–≤–µ—Ç—ã –Ω–∞ –ª—é–±—ã–µ –≤–µ—Ä–æ—è—Ç–Ω—ã–µ –≤–æ–∑—Ä–∞–∂–µ–Ω–∏—è.
1,5,12,"–°–ø–æ—Å–æ–± –æ–±—Å—É–∂–¥–µ–Ω–∏—è –≤–ª–∏—è–µ—Ç –Ω–∞ —Ä–µ–∑—É–ª—å—Ç–∞—Ç —Ç–∞–∫ –∂–µ, –∫–∞–∫ –∏ —Å–æ–¥–µ—Ä–∂–∞–Ω–∏–µ. –õ–∏—á–Ω–∞—è –≤—Å—Ç—Ä–µ—á–∞ –ø–æ–∑–≤–æ–ª—è–µ—Ç —Å—Ä–∞–∑—É —Ä–µ–∞–≥–∏—Ä–æ–≤–∞—Ç—å –Ω–∞ –≤–æ–∑—Ä–∞–∂–µ–Ω–∏—è –∏ –≤–∏–¥–µ—Ç—å –Ω–µ–≤–µ—Ä–±–∞–ª—å–Ω—ã–µ —Å–∏–≥–Ω–∞–ª—ã. –û–¥–Ω–∞–∫–æ –æ–Ω —Ç—Ä–µ–±—É–µ—Ç –≤–Ω—É—Ç—Ä–µ–Ω–Ω–µ–π —É–≤–µ—Ä–µ–Ω–Ω–æ—Å—Ç–∏ –∏ —Å–æ–±—Ä–∞–Ω–Ω–æ—Å—Ç–∏. –ü–∏—Å—å–º–µ–Ω–Ω–æ–µ –æ–±—Ä–∞—â–µ–Ω–∏–µ –¥–∞—ë—Ç –≤—Ä–µ–º—è –Ω–∞ —Ñ–æ—Ä–º—É–ª–∏—Ä–æ–≤–∫—É –º—ã—Å–ª–µ–π –∏ –ø–æ–¥–±–æ—Ä —Ç–µ–∑–∏—Å–æ–≤, –Ω–æ –º–æ–∂–µ—Ç –±—ã—Ç—å —Å–ª—É—á–∞–π–Ω–æ –∏–ª–∏ –Ω–∞–º–µ—Ä–µ–Ω–Ω–æ –ø—Ä–æ–∏–≥–Ω–æ—Ä–∏—Ä–æ–≤–∞–Ω–æ –°–æ–≤–µ—Ç: —Å–æ—Å—Ç–∞–≤—å—Ç–µ –ø–∏—Å—å–º–µ–Ω–Ω—ã–π –ø–ª–∞–Ω, –∞ –∑–∞—Ç–µ–º –ø—Ä–µ–¥–ª–æ–∂–∏—Ç–µ –æ–±—Å—É–¥–∏—Ç—å –µ–≥–æ –ª–∏—á–Ω–æ.",–ü–∏—Å—å–º–µ–Ω–Ω–æ–µ –æ–±—Ä–∞—â–µ–Ω–∏–µ,"–ü–∏—Å—å–º–æ ‚Äî –ª—É—á—à–∏–π —Å–ø–æ—Å–æ–± –∏–∑–ª–æ–∂–∏—Ç—å —Å–≤–æ–∏ –º—ã—Å–ª–∏ —á—ë—Ç–∫–æ, –≤–∑–≤–µ—à–µ–Ω–Ω–æ –∏ –ø–æ—Å–ª–µ–¥–æ–≤–∞—Ç–µ–ª—å–Ω–æ.",6,"–ü—Ä–æ–¥–≤–∏–Ω—É—Ç—ã–π —Ç–∞–∫—Ç–∏–∫. –¢—ã –ø—Ä–µ–¥–ø–æ—á–∏—Ç–∞–µ—à—å –ø–ª–∞–Ω–∏—Ä–æ–≤–∞—Ç—å –∫–∞–∂–¥–æ–µ —Å–ª–æ–≤–æ. –≠—Ç–æ —Ä–∞–∑—É–º–Ω—ã–π –ø–æ–¥—Ö–æ–¥, –æ—Å–æ–±–µ–Ω–Ω–æ –µ—Å–ª–∏ —Ç—ã –Ω–µ –ª—é–±–∏—à—å —Å–ø–æ–Ω—Ç–∞–Ω–Ω—ã–µ —Ä–∞–∑–≥–æ–≤–æ—Ä—ã.",–ù–µ—Ç,üìù,–ü—Ä–æ–¥–≤–∏–Ω—É—Ç—ã–π —Ç–∞–∫—Ç–∏–∫.,–ü–ª–∞–Ω–∏—Ä—É–µ—à—å –∫–∞–∂–¥–æ–µ —Å–ª–æ–≤–æ ‚Äî —Å–æ—Å—Ç–∞–≤—å –ø–∏—Å—å–º–µ–Ω–Ω—ã–π –ø–ª–∞–Ω. –°–∞–º–æ—Å—Ç–æ—è—Ç–µ–ª—å–Ω–æ –æ—Ç–≤–µ—Ç—å –Ω–∞ –∫–æ–Ω—Ç—Ä–∞—Ä–≥—É–º–µ–Ω—Ç—ã –∏ –ø–æ–¥–≥–æ—Ç–æ–≤—å –≤–∞—Ä–∏–∞–Ω—Ç—ã –æ—Ç–≤–µ—Ç–æ–≤ –Ω–∞ –Ω–∏—Ö.
1,6,13,"–ï—Å–ª–∏ –ø–æ–ª—É—á–µ–Ω –æ—Ç–∫–∞–∑ ‚Äî —ç—Ç–æ –Ω–µ –∫–æ–Ω–µ—Ü –ø–µ—Ä–µ–≥–æ–≤–æ—Ä–æ–≤, –∞ –≤–æ–∑–º–æ–∂–Ω–æ—Å—Ç—å –ø–æ–ª—É—á–∏—Ç—å –æ–±—Ä–∞—Ç–Ω—É—é —Å–≤—è–∑—å. –¢–æ –µ—Å—Ç—å –ø—Ä–æ—Å—Ç–æ –ø–µ—Ä–µ—Ö–æ–¥ –Ω–∞ —Å–ª–µ–¥—É—é—â–∏–π —ç—Ç–∞–ø. –°—Ñ–æ—Ä–º—É–ª–∏—Ä—É–π—Ç–µ —É—Ç–æ—á–Ω—è—é—â–∏–µ –≤–æ–ø—Ä–æ—Å—ã: ¬´–ö–∞–∫–∏—Ö –ø–æ–∫–∞–∑–∞—Ç–µ–ª–µ–π –º–Ω–µ –Ω—É–∂–Ω–æ –¥–æ—Å—Ç–∏—á—å, —á—Ç–æ–±—ã –í—ã –ø–µ—Ä–µ—Å–º–æ—Ç—Ä–µ–ª–∏ —Ä–µ—à–µ–Ω–∏–µ?¬ª ¬´–ú–æ–∂–µ–º –ª–∏ –º—ã –æ–±—Å—É–¥–∏—Ç—å –∞–ª—å—Ç–µ—Ä–Ω–∞—Ç–∏–≤—ã: –±–æ–Ω—É—Å—ã, –æ–±—É—á–µ–Ω–∏–µ –∏–ª–∏ –≥–∏–±–∫–∏–π –≥—Ä–∞—Ñ–∏–∫?¬ª. –¢–∞–∫ –≤—ã –ø—Ä–µ–≤—Ä–∞—Ç–∏—Ç–µ ¬´–Ω–µ—Ç¬ª –≤ –ø–ª–∞–Ω –¥–µ–π—Å—Ç–≤–∏–π.",–ü–æ–ø—Ä–æ—à—É –∫–æ–Ω–∫—Ä–µ—Ç–Ω—ã–µ —É—Å–ª–æ–≤–∏—è –¥–ª—è –ø–æ–≤—ã—à–µ–Ω–∏—è,–ü—Ä–∞–≤–∏–ª—å–Ω–æ! –Ø—Å–Ω–æ —Å—Ñ–æ—Ä–º—É–ª–∏—Ä–æ–≤–∞–Ω–Ω—ã–µ –ø—Ä–µ—Ç–µ–Ω–∑–∏–∏ –∏ —Ü–µ–ª–∏ - —Ç–≤–µ—Ä–¥—ã–π —à–∞–≥ –Ω–∞ –ø—É—Ç–∏ –ø–æ—Å—Ç—Ä–æ–µ–Ω–∏—è –∫–∞—Ä—å–µ—Ä—ã.,7,"–ü—Ä—è–º–æ–ª–∏–Ω–µ–π–Ω—ã–π. –¢—ã —É–º–µ–µ—à—å —Å–ª—ã—à–∞—Ç—å ¬´–Ω–µ—Ç¬ª –∏ –ø—Ä–µ–≤—Ä–∞—â–∞—Ç—å –µ–≥–æ –≤ ¬´–¥–∞, –Ω–æ —á–µ—Ä–µ–∑‚Ä¶¬ª. –≠—Ç–æ –∑—Ä–µ–ª—ã–π –ø–æ–¥—Ö–æ–¥ –∫ —Ä–∞–∑–≤–∏—Ç–∏—é.",–ù–µ—Ç,‚öñÔ∏è,–ü—Ä—è–º–æ–ª–∏–Ω–µ–π–Ω—ã–π.,"–ù–∞–¥–æ –±—ã—Ç—å –≥–æ—Ç–æ–≤—ã–º —É—Å–ª—ã—à–∞—Ç—å ¬´–Ω–µ—Ç¬ª –∏ –Ω–µ –±–æ—è—Ç—Å—è —ç—Ç–æ–≥–æ. –ü—Ä–æ—Å—Ç–æ —É—Ç–æ—á–Ω—è—Ç—å: ¬´–ö–∞–∫–∏–µ KPI –≤–∞–º –ø—Ä–∏–Ω–µ—Å—Ç–∏, —á—Ç–æ–±—ã –ø–µ—Ä–µ—Å–º–æ—Ç—Ä–µ—Ç—å —Ä–µ—à–µ–Ω–∏–µ?¬ª"
1,6,14,"–ï—Å–ª–∏ –ø–æ–ª—É—á–µ–Ω –æ—Ç–∫–∞–∑ ‚Äî —ç—Ç–æ –Ω–µ –∫–æ–Ω–µ—Ü –ø–µ—Ä–µ–≥–æ–≤–æ—Ä–æ–≤, –∞ –≤–æ–∑–º–æ–∂–Ω–æ—Å—Ç—å –ø–æ–ª—É—á–∏—Ç—å –æ–±—Ä–∞—Ç–Ω—É—é —Å–≤—è–∑—å. –¢–æ –µ—Å—Ç—å –ø—Ä–æ—Å—Ç–æ –ø–µ—Ä–µ—Ö–æ–¥ –Ω–∞ —Å–ª–µ–¥—É—é—â–∏–π —ç—Ç–∞–ø. –°—Ñ–æ—Ä–º—É–ª–∏—Ä—É–π—Ç–µ —É—Ç–æ—á–Ω—è—é—â–∏–µ –≤–æ–ø—Ä–æ—Å—ã: ¬´–ö–∞–∫–∏—Ö –ø–æ–∫–∞–∑–∞—Ç–µ–ª–µ–π –º–Ω–µ –Ω—É–∂–Ω–æ –¥–æ—Å—Ç–∏—á—å, —á—Ç–æ–±—ã –í—ã –ø–µ—Ä–µ—Å–º–æ—Ç—Ä–µ–ª–∏ —Ä–µ—à–µ–Ω–∏–µ?¬ª ¬´–ú–æ–∂–µ–º –ª–∏ –º—ã –æ–±—Å—É–¥–∏—Ç—å –∞–ª—å—Ç–µ—Ä–Ω–∞—Ç–∏–≤—ã: –±–æ–Ω—É—Å—ã, –æ–±—É—á–µ–Ω–∏–µ –∏–ª–∏ –≥–∏–±–∫–∏–π –≥—Ä–∞—Ñ–∏–∫?¬ª. –¢–∞–∫ –≤—ã –ø—Ä–µ–≤—Ä–∞—Ç–∏—Ç–µ ¬´–Ω–µ—Ç¬ª –≤ –ø–ª–∞–Ω –¥–µ–π—Å—Ç–≤–∏–π.",–†–∞—Å—Å–º–æ—Ç—Ä—é –∞–ª—å—Ç–µ—Ä–Ω–∞—Ç–∏–≤—ã,–ì–∏–±–∫–æ—Å—Ç—å ‚Äî —ç—Ç–æ –≤–∞–∂–Ω–æ. –°–µ–π—á–∞—Å –º—ã –æ–±—Å—É–¥–∏–º –≤–æ–∑–º–æ–∂–Ω—ã–µ –≤–∞—Ä–∏–∞–Ω—Ç—ã —Ä–∞–∑–≤–∏—Ç–∏—è —Å–æ–±—ã—Ç–∏–π.,7,"–ì–∏–±–∫–∏–π –∏–≥—Ä–æ–∫. –¢—ã –≥–æ—Ç–æ–≤ —Ä–∞–±–æ—Ç–∞—Ç—å —Å –æ–±—Å—Ç–æ—è—Ç–µ–ª—å—Å—Ç–≤–∞–º–∏, –∞ –Ω–µ –ø—Ä–æ—Ç–∏–≤ –Ω–∏—Ö. –≠—Ç–æ –∑—Ä–µ–ª–∞—è –ø–æ–∑–∏—Ü–∏—è, –∫–æ—Ç–æ—Ä–∞—è —á–∞—Å—Ç–æ –ø—Ä–∏–Ω–æ—Å–∏—Ç —Ä–µ–∑—É–ª—å—Ç–∞—Ç.",–ù–µ—Ç,üîÑ,–ì–∏–±–∫–∏–π –∏–≥—Ä–æ–∫.,"–ì–∏–±–∫–∏–π ‚Äî –ø—Ä–µ–¥–ª–æ–∂–∏ –±–æ–Ω—É—Å—ã, –æ–±—É—á–µ–Ω–∏–µ –∏–ª–∏ —É–¥–∞–ª—ë–Ω–∫—É. –ò–Ω–æ–≥–¥–∞ —ç—Ç–æ —Ü–µ–Ω–Ω–µ–µ –∏ –ø–µ—Ä—Å–ø–µ–∫—Ç–∏–≤–Ω–µ–µ –ø—Ä–æ—Å—Ç–æ–π –ø—Ä–∏–±–∞–≤–∫–∏ –∫ –∑–∞—Ä–ø–ª–∞—Ç–µ."
1,7,15,"–¶–µ–ª—å –ø–µ—Ä–µ–≥–æ–≤–æ—Ä–æ–≤ –Ω–µ —Ç–æ–ª—å–∫–æ –≤ –∑–∞—Ä–ø–ª–∞—Ç–µ, –¥–µ–Ω—å–≥–∏ ‚Äî –ª–∏—à—å —á–∞—Å—Ç—å –º–æ—Ç–∏–≤–∞—Ü–∏–∏. –ü–æ–¥—É–º–∞–π—Ç–µ, —á—Ç–æ –¥–ª—è –≤–∞—Å –≤–∞–∂–Ω–µ–µ: —Ñ–∏–∫—Å–∏—Ä–æ–≤–∞–Ω–Ω–æ–µ –ø–æ–≤—ã—à–µ–Ω–∏–µ –æ–∫–ª–∞–¥–∞ ‚Äî —Å—Ç–∞–±–∏–ª—å–Ω–æ—Å—Ç—å, –Ω–æ —Å–ª–æ–∂–Ω–µ–µ –¥–æ–≥–æ–≤–æ—Ä–∏—Ç—å—Å—è. –ë–æ–Ω—É—Å—ã –∑–∞ —Ä–µ–∑—É–ª—å—Ç–∞—Ç ‚Äî –±–æ–ª–µ–µ –≥–∏–±–∫–∏–π –≤–∞—Ä–∏–∞–Ω—Ç, –Ω–æ –∑–∞–≤–∏—Å–∏—Ç –æ—Ç KPI. –ù–µ—Ñ–∏–Ω–∞–Ω—Å–æ–≤—ã–µ –±–æ–Ω—É—Å—ã ‚Äî –æ–ø–ª–∞—Ç–∞ –∫—É—Ä—Å–æ–≤ –ø–æ–≤—ã—à–µ–Ω–∏—è –∫–≤–∞–ª–∏—Ñ–∏–∫–∞—Ü–∏–∏, –æ–ø–ª–∞—Ç–∞ —Å—Ç—Ä–∞—Ö–æ–≤–æ–∫, –∞–±–æ–Ω–µ–º–µ–Ω—Ç –≤ —Å–ø–æ—Ä—Ç–∑–∞–ª, —É–¥–∞–ª—ë–Ω–Ω–∞—è —Ä–∞–±–æ—Ç–∞ –∏ –ø—Ä. –¢–∞–∫–∏–µ –∫–æ—Å–≤–µ–Ω–Ω—ã–µ –∑–∞—Ç—Ä–∞—Ç—ã –ø—Å–∏—Ö–æ–ª–æ–≥–∏—á–µ—Å–∫–∏ –ª–µ–≥—á–µ –≤–æ—Å–ø—Ä–∏–Ω–∏–º–∞—é—Ç—Å—è –ª—é–±—ã–º —Ä—É–∫–æ–≤–æ–¥–∏—Ç–µ–ª–µ–º, –∞ –≤–∞–º –º–æ–≥—É—Ç –∑–∞–º–µ—Ç–Ω–æ —Å–Ω–∏–∑–∏—Ç—å –Ω–∞–≥—Ä—É–∑–∫—É –Ω–∞ —Å–≤–æ–π –±—é–¥–∂–µ—Ç.",–£–≤–µ–ª–∏—á–µ–Ω–∏–µ –æ–∫–ª–∞–¥–∞,–ü–æ–≤—ã—à–µ–Ω–∏–µ —á–∏—Å—Ç–æ–≥–æ –æ–∫–ª–∞–¥–∞ ‚Äî –≤–∞–∂–Ω–∞—è —Ü–µ–ª—å. –ù–æ –µ—Å—Ç—å –º–Ω–æ–≥–æ –∏ –¥—Ä—É–≥–∏—Ö –≤–∞—Ä–∏–∞–Ω—Ç–æ–≤ –¥–æ–±–∏—Ç—å—Å—è –∂–µ–ª–∞–µ–º–æ–≥–æ.,8,"–§–∏–Ω–∞–Ω—Å–æ–≤—ã–π –ª–∏–¥–µ—Ä. –¢—ã —Å—Ç—Ä–µ–º–∏—à—å—Å—è –∫ –º–∞—Ç–µ—Ä–∏–∞–ª—å–Ω–æ–π —Å–ø—Ä–∞–≤–µ–¥–ª–∏–≤–æ—Å—Ç–∏. –≠—Ç–æ –Ω–æ—Ä–º–∞–ª—å–Ω–æ, –µ—Å–ª–∏ —Ç—ã –º–æ–∂–µ—à—å —ç—Ç–æ –æ–±–æ—Å–Ω–æ–≤–∞—Ç—å –∏ –ø–æ–∫–∞–∑–∞—Ç—å —Ä–µ–∑—É–ª—å—Ç–∞—Ç—ã.",–ù–µ—Ç,üí∞,–§–∏–Ω–∞–Ω—Å–æ–≤—ã–π –ª–∏–¥–µ—Ä.,–•–æ—á–µ—à—å –±–æ–ª—å—à–µ –∑–∞—Ä–∞–±–∞—Ç—ã–≤–∞—Ç—å ‚Äî –ø–æ–¥–≥–æ—Ç–æ–≤—å –¥–æ–∫–∞–∑–∞—Ç–µ–ª—å—Å—Ç–≤–∞ —Å–≤–æ–µ–π –ø–æ–ª–µ–∑–Ω–æ—Å—Ç–∏: –ª–∏—á–Ω—ã–π –≤–∫–ª–∞–¥ –∏ –≤–∑—è—Ç—ã–µ –æ–±—è–∑–∞—Ç–µ–ª—å—Å—Ç–≤–∞ –∏–≥—Ä–∞—é—Ç –∫–ª—é—á–µ–≤—É—é —Ä–æ–ª—å.
1,7,16,"–¶–µ–ª—å –ø–µ—Ä–µ–≥–æ–≤–æ—Ä–æ–≤ –Ω–µ —Ç–æ–ª—å–∫–æ –≤ –∑–∞—Ä–ø–ª–∞—Ç–µ, –¥–µ–Ω—å–≥–∏ ‚Äî –ª–∏—à—å —á–∞—Å—Ç—å –º–æ—Ç–∏–≤–∞—Ü–∏–∏. –ü–æ–¥—É–º–∞–π—Ç–µ, —á—Ç–æ –¥–ª—è –≤–∞—Å –≤–∞–∂–Ω–µ–µ: —Ñ–∏–∫—Å–∏—Ä–æ–≤–∞–Ω–Ω–æ–µ –ø–æ–≤—ã—à–µ–Ω–∏–µ –æ–∫–ª–∞–¥–∞ ‚Äî —Å—Ç–∞–±–∏–ª—å–Ω–æ—Å—Ç—å, –Ω–æ —Å–ª–æ–∂–Ω–µ–µ –¥–æ–≥–æ–≤–æ—Ä–∏—Ç—å—Å—è. –ë–æ–Ω—É—Å—ã –∑–∞ —Ä–µ–∑—É–ª—å—Ç–∞—Ç ‚Äî –±–æ–ª–µ–µ –≥–∏–±–∫–∏–π –≤–∞—Ä–∏–∞–Ω—Ç, –Ω–æ –∑–∞–≤–∏—Å–∏—Ç –æ—Ç KPI. –ù–µ—Ñ–∏–Ω–∞–Ω—Å–æ–≤—ã–µ –±–æ–Ω—É—Å—ã ‚Äî –æ–ø–ª–∞—Ç–∞ –∫—É—Ä—Å–æ–≤ –ø–æ–≤—ã—à–µ–Ω–∏—è –∫–≤–∞–ª–∏—Ñ–∏–∫–∞—Ü–∏–∏, –æ–ø–ª–∞—Ç–∞ —Å—Ç—Ä–∞—Ö–æ–≤–æ–∫, –∞–±–æ–Ω–µ–º–µ–Ω—Ç –≤ —Å–ø–æ—Ä—Ç–∑–∞–ª, —É–¥–∞–ª—ë–Ω–Ω–∞—è —Ä–∞–±–æ—Ç–∞ –∏ –ø—Ä. –¢–∞–∫–∏–µ –∫–æ—Å–≤–µ–Ω–Ω—ã–µ –∑–∞—Ç—Ä–∞—Ç—ã –ø—Å–∏—Ö–æ–ª–æ–≥–∏—á–µ—Å–∫–∏ –ª–µ–≥—á–µ –≤–æ—Å–ø—Ä–∏–Ω–∏–º–∞—é—Ç—Å—è –ª—é–±—ã–º —Ä—É–∫–æ–≤–æ–¥–∏—Ç–µ–ª–µ–º, –∞ –≤–∞–º –º–æ–≥—É—Ç –∑–∞–º–µ—Ç–Ω–æ —Å–Ω–∏–∑–∏—Ç—å –Ω–∞–≥—Ä—É–∑–∫—É –Ω–∞ —Å–≤–æ–π –±—é–¥–∂–µ—Ç.",–î–æ–ø–æ–ª–Ω–∏—Ç–µ–ª—å–Ω—ã–µ –±–æ–Ω—É—Å—ã,"–ë–æ–Ω—É—Å—ã ‚Äî –æ—Ç–ª–∏—á–Ω–∞—è –∞–ª—å—Ç–µ—Ä–Ω–∞—Ç–∏–≤–∞. –í–∞–∂–Ω–æ –æ–ø—Ä–µ–¥–µ–ª–∏—Ç—å, –∫–∞–∫–∏–µ –∏–º–µ–Ω–Ω–æ —Ç–µ–±–µ –ø–æ–¥—Ö–æ–¥—è—Ç.",8,"–•–∏—Ç—Ä—ã–π –ª–æ–≤–∫–∞—á. –¢—ã –ø–æ–Ω–∏–º–∞–µ—à—å, —á—Ç–æ –¥–µ–Ω—å–≥–∏ ‚Äî –Ω–µ –µ–¥–∏–Ω—Å—Ç–≤–µ–Ω–Ω—ã–π –∏–Ω—Å—Ç—Ä—É–º–µ–Ω—Ç —Ä–æ—Å—Ç–∞. –ë–æ–Ω—É—Å—ã, –æ–±—É—á–µ–Ω–∏–µ –∏ –≥–∏–±–∫–æ—Å—Ç—å —Ç–æ–∂–µ —Ü–µ–Ω–Ω—ã.",–ù–µ—Ç,üéÅ,–•–∏—Ç—Ä—ã–π –ª–æ–≤–∫–∞—á.,–ò–¥—Ç–∏ –∫ –Ω–∞—á–∞–ª—å—Å—Ç–≤—É –∑–∞ –≤–Ω–µ–ø–ª–∞–Ω–æ–≤–æ–π –ø—Ä–∏–±–∞–≤–∫–æ–π ‚Äî –≤—Å–µ–≥–¥–∞ –Ω–µ–∏–∑–≤–µ–¥–∞–Ω–Ω–∞—è —Ç–µ—Ä—Ä–∏—Ç–æ—Ä–∏—è. –ü–æ–¥–≥–æ—Ç–æ–≤—å –∂–µ–ª–µ–∑–Ω—ã–µ –∞—Ä–≥—É–º–µ–Ω—Ç—ã –∏ –ø–æ–≤–µ—Ä—å –≤ –Ω–∏—Ö —Å–∞–º. –ì–ª–∞–≤–Ω–æ–µ ‚Äî –Ω–∞—á–∞—Ç—å.
1,8,17,"–†–µ–≥—É–ª—è—Ä–Ω—ã–µ –ø–µ—Ä–µ–≥–æ–≤–æ—Ä—ã –æ –∑–∞—Ä–ø–ª–∞—Ç–µ ‚Äî —ç—Ç–æ –∞–±—Å–æ–ª—é—Ç–Ω–∞—è –Ω–æ—Ä–º–∞. –ï—Å–ª–∏ –∫–æ–º–ø–∞–Ω–∏—è —Å—Ç–∞–±–∏–ª—å–Ω–æ —Ä–∞—Å—Ç–µ—Ç, —Ç–æ –∏—Ö –Ω—É–∂–Ω–æ –ø–ª–∞–Ω–∏—Ä–æ–≤–∞—Ç—å —Ä–æ–≤–Ω–æ —Ä–∞–∑ –≤ –≥–æ–¥. –ü–æ—Å–ª–µ –∑–Ω–∞—á–∏–º—ã—Ö –¥–æ—Å—Ç–∏–∂–µ–Ω–∏–π ‚Äî –Ω–∞–ø—Ä–∏–º–µ—Ä, –∑–∞–≤–µ—Ä—à–µ–Ω–∏—è –ø—Ä–æ–µ–∫—Ç–∞, —ç—Ç–æ –º–∞–∫—Å–∏–º–∞–ª—å–Ω–æ —É–º–µ—Å—Ç–Ω–æ. –ù–û –≤–∞–∂–Ω–æ: –Ω–µ –ø–æ–¥–Ω–∏–º–∞–π—Ç–µ –≤–æ–ø—Ä–æ—Å –≤–æ –≤—Ä–µ–º—è –∫—Ä–∏–∑–∏—Å–æ–≤ –∏–ª–∏ —Å—Ä–æ—á–Ω—ã—Ö –¥–µ–¥–ª–∞–π–Ω–æ–≤.",–†–∞–∑ –≤ –≥–æ–¥,"–†–∞–∑ –≤ –≥–æ–¥ ‚Äî —Å—Ç–∞–Ω–¥–∞—Ä—Ç–Ω—ã–π —Å—Ä–æ–∫. –ñ–∞–ª—å, —á—Ç–æ –±–æ–ª—å—à–∏–Ω—Å—Ç–≤–æ —Ä–∞–±–æ—Ç–Ω–∏–∫–æ–≤ —Ä–æ–±–µ—é—Ç –∏ –æ—Ç–∫–ª–∞–¥—ã–≤–∞—é—Ç —ç—Ç–æ—Ç —Ä–∞–∑–≥–æ–≤–æ—Ä —Å –Ω–∞—á–∞–ª—å—Å—Ç–≤–æ–º.",9,"–£–ø–æ—Ä–Ω—ã–π –ø–µ–¥–∞–Ω—Ç. –¢—ã –ø—Ä–∏–¥–µ—Ä–∂–∏–≤–∞–µ—à—å—Å—è –≥—Ä–∞—Ñ–∏–∫–∞. –≠—Ç–æ —Ä–∞–∑—É–º–Ω–æ, –Ω–æ –Ω–µ –∑–∞–±—ã–≤–∞–π: –∏–Ω–æ–≥–¥–∞ –µ—Å—Ç—å —à–∞–Ω—Å –¥–æ–±–∏—Ç—å—Å—è –ø–æ–≤—ã—à–µ–Ω–∏—è –≤–Ω–µ –≥—Ä–∞—Ñ–∏–∫–∞.",–ù–µ—Ç,üìÖ,–£–ø–æ—Ä–Ω—ã–π –ø–µ–¥–∞–Ω—Ç.,"–ß—É–≤—Å—Ç–≤—É–µ—à—å –Ω–µ—Å–ø—Ä–∞–≤–µ–¥–ª–∏–≤–æ—Å—Ç—å ‚Äî –ø–æ–∫–∞–∂–∏ –≤–∞–∫–∞–Ω—Å–∏–∏ —Å —Ä—ã–Ω–æ—á–Ω–æ–π –æ–ø–ª–∞—Ç–æ–π. –ù–∞–ø–æ–º–Ω–∏ –æ —Ç–æ–º, —á—Ç–æ –∏–º–µ–Ω–Ω–æ —Å–æ—Ç—Ä—É–¥–Ω–∏–∫–∏ - –≥–ª–∞–≤–Ω—ã–π —Ä–µ—Å—É—Ä—Å –∫–æ–º–ø–∞–Ω–∏–∏."
1,8,18,"–†–µ–≥—É–ª—è—Ä–Ω—ã–µ –ø–µ—Ä–µ–≥–æ–≤–æ—Ä—ã –æ –∑–∞—Ä–ø–ª–∞—Ç–µ ‚Äî —ç—Ç–æ –∞–±—Å–æ–ª—é—Ç–Ω–∞—è –Ω–æ—Ä–º–∞. –ï—Å–ª–∏ –∫–æ–º–ø–∞–Ω–∏—è —Å—Ç–∞–±–∏–ª—å–Ω–æ —Ä–∞—Å—Ç–µ—Ç, —Ç–æ –∏—Ö –Ω—É–∂–Ω–æ –ø–ª–∞–Ω–∏—Ä–æ–≤–∞—Ç—å —Ä–æ–≤–Ω–æ —Ä–∞–∑ –≤ –≥–æ–¥. –ü–æ—Å–ª–µ –∑–Ω–∞—á–∏–º—ã—Ö –¥–æ—Å—Ç–∏–∂–µ–Ω–∏–π ‚Äî –Ω–∞–ø—Ä–∏–º–µ—Ä, –∑–∞–≤–µ—Ä—à–µ–Ω–∏—è –ø—Ä–æ–µ–∫—Ç–∞, —ç—Ç–æ –º–∞–∫—Å–∏–º–∞–ª—å–Ω–æ —É–º–µ—Å—Ç–Ω–æ. –ù–û –≤–∞–∂–Ω–æ: –Ω–µ –ø–æ–¥–Ω–∏–º–∞–π—Ç–µ –≤–æ–ø—Ä–æ—Å –≤–æ –≤—Ä–µ–º—è –∫—Ä–∏–∑–∏—Å–æ–≤ –∏–ª–∏ —Å—Ä–æ—á–Ω—ã—Ö –¥–µ–¥–ª–∞–π–Ω–æ–≤.",–ù–∏–∫–æ–≥–¥–∞,–ü–µ—Ä–≤—ã–π —Ä–∞–∑ ‚Äî —Å–∞–º—ã–π —Å–ª–æ–∂–Ω—ã–π. –í—ã –µ—â–µ –Ω–µ–¥–∞–≤–Ω–æ –≤ –∫–æ–º–ø–∞–Ω–∏–∏ –∏ –ø–æ—Ç–æ–º—É –∫ —Ç–∞–∫–æ–º—É —Å–ª–µ–¥—É–µ—Ç –∑–∞—Ä–∞–Ω–µ–µ —Å–µ—Ä—å–µ–∑–Ω–æ –ø–æ–¥–≥–æ—Ç–æ–≤–∏—Ç—Å—è.,9,"–ü–µ—Ä–≤–æ–ø—Ä–æ—Ö–æ–¥–µ—Ü. –¢—ã –µ—â—ë –Ω–∏ —Ä–∞–∑—É –Ω–µ –ø—Ä–æ—Å–∏–ª –ø–æ–≤—ã—à–µ–Ω–∏—è. –≠—Ç–æ –Ω–æ—Ä–º–∞–ª—å–Ω–æ, –≥–ª–∞–≤–Ω–æ–µ ‚Äî —Å–¥–µ–ª–∞—Ç—å –ø–µ—Ä–≤—ã–π —à–∞–≥ —É–≤–µ—Ä–µ–Ω–Ω–æ.",–ù–µ—Ç,üöÄ,–ü–µ—Ä–≤–æ–ø—Ä–æ—Ö–æ–¥–µ—Ü.,"–ï—Å–ª–∏ —É–∂–µ –≤ —Ü–µ–Ω–µ ‚Äî –ø–æ–∫–∞–∂–∏, –≤ —á–µ–º —Ç—ã –ø—Ä–æ–¥–æ–ª–∂–∞–µ—à—å –±—ã—Ç—å –ª—É—á—à–µ –¥—Ä—É–≥–∏—Ö: –ø—Ä–æ–µ–∫—Ç—ã, –∏–Ω–∏—Ü–∏–∞—Ç–∏–≤—ã, —É–Ω–∏–∫–∞–ª—å–Ω—ã–µ –Ω–∞–≤—ã–∫–∏."
1,9,19,"–ü—Ä–∏ –æ—Ü–µ–Ω–∫–µ —Ç–µ–∫—É—â–µ–π –∑–∞—Ä–ø–ª–∞—Ç—ã —Å—Ä–∞–≤–Ω–∏–≤–∞–π—Ç–µ —Å–µ–±—è –Ω–µ —Ç–æ–ª—å–∫–æ —Å –∫–æ–ª–ª–µ–≥–∞–º–∏, –Ω–æ –∏ —Å —Ä—ã–Ω–∫–æ–º.–ö–∞–∫ –ø—Ä–æ–≤–µ—Ä–∏—Ç—å —Å–≤–æ—é —Ü–µ–Ω–Ω–æ—Å—Ç—å? –ò–∑—É—á–∏—Ç–µ –≤–∞–∫–∞–Ω—Å–∏–∏ –¥–ª—è –≤–∞—à–µ–π –¥–æ–ª–∂–Ω–æ—Å—Ç–∏ —Å –ø–æ—Ö–æ–∂–∏–º –æ–ø—ã—Ç–æ–º. –£–∑–Ω–∞–π—Ç–µ (–∞–Ω–æ–Ω–∏–º–Ω–æ), —Å–∫–æ–ª—å–∫–æ –ø–æ–ª—É—á–∞—é—Ç –∫–æ–ª–ª–µ–≥–∏ –≤ –¥—Ä—É–≥–∏—Ö –∫–æ–º–ø–∞–Ω–∏—è—Ö. –û—Ü–µ–Ω–∏—Ç–µ —É–Ω–∏–∫–∞–ª—å–Ω–æ—Å—Ç—å —Å–≤–æ–∏—Ö –Ω–∞–≤—ã–∫–æ–≤ ‚Äî –≤–æ–∑–º–æ–∂–Ω–æ, –≤—ã –Ω–µ–¥–æ–æ—Ü–µ–Ω–µ–Ω—ã (–æ—á–µ–Ω—å —á–∞—Å—Ç—ã–π —Å–ª—É—á–∞–π).",–ù–∏–∂–µ —Ä—ã–Ω–æ—á–Ω–æ–π,"–ï—Å–ª–∏ –∑–∞—Ä–ø–ª–∞—Ç–∞ –Ω–∏–∂–µ —Ä—ã–Ω–æ—á–Ω–æ–π, —É —Ç–µ–±—è —Å–∏–ª—å–Ω–∞—è –ø–æ–∑–∏—Ü–∏—è. –ö–æ–Ω–∫—É—Ä–µ–Ω—Ç—ã –≤—Å–µ–≥–¥–∞ –≥–æ—Ç–æ–≤—ã –ø–µ—Ä–µ—Ö–≤–∞—Ç–∏—Ç—å –∑–∞—Ä–µ–∫–æ–º–µ–Ω–¥–æ–≤–∞–≤—à–µ–≥–æ —Å–µ–±—è –ø—Ä–æ—Ñ–∏.",10,"–í–æ–∏–Ω —Å–ø—Ä–∞–≤–µ–¥–ª–∏–≤–æ—Å—Ç–∏. –¢—ã —á—É–≤—Å—Ç–≤—É–µ—à—å, —á—Ç–æ –ø–æ–ª—É—á–∞–µ—à—å –º–µ–Ω—å—à–µ, —á–µ–º –∑–∞—Å–ª—É–∂–∏–≤–∞–µ—à—å. –≠—Ç–æ –Ω–æ—Ä–º–∞–ª—å–Ω–æ, –µ—Å–ª–∏ —Ç—ã –º–æ–∂–µ—à—å —ç—Ç–æ –¥–æ–∫–∞–∑–∞—Ç—å.",–ù–µ—Ç,‚öñÔ∏è,–í–æ–∏–Ω —Å–ø—Ä–∞–≤–µ–¥–ª–∏–≤–æ—Å—Ç–∏.,"–í–µ—Ä–∏—à—å –≤ —Å–≤–æ–π –ø—É—Ç—å ‚Äî –∑–∞–ø—Ä–æ—Å–∏ –Ω–æ–≤—ã–µ –∑–∞–¥–∞—á–∏, –∫—É—Ä—Å—ã –∏–ª–∏ —É—á–∞—Å—Ç–∏–µ –≤ —Å—Ç—Ä–∞—Ç–µ–≥–∏—á–µ—Å–∫–∏—Ö –ø—Ä–æ–µ–∫—Ç–∞—Ö."
1,9,20,"–ü—Ä–∏ –æ—Ü–µ–Ω–∫–µ —Ç–µ–∫—É—â–µ–π –∑–∞—Ä–ø–ª–∞—Ç—ã —Å—Ä–∞–≤–Ω–∏–≤–∞–π—Ç–µ —Å–µ–±—è –Ω–µ —Ç–æ–ª—å–∫–æ —Å –∫–æ–ª–ª–µ–≥–∞–º–∏, –Ω–æ –∏ —Å —Ä—ã–Ω–∫–æ–º.–ö–∞–∫ –ø—Ä–æ–≤–µ—Ä–∏—Ç—å —Å–≤–æ—é —Ü–µ–Ω–Ω–æ—Å—Ç—å? –ò–∑—É—á–∏—Ç–µ –≤–∞–∫–∞–Ω—Å–∏–∏ –¥–ª—è –≤–∞—à–µ–π –¥–æ–ª–∂–Ω–æ—Å—Ç–∏ —Å –ø–æ—Ö–æ–∂–∏–º –æ–ø—ã—Ç–æ–º. –£–∑–Ω–∞–π—Ç–µ (–∞–Ω–æ–Ω–∏–º–Ω–æ), —Å–∫–æ–ª—å–∫–æ –ø–æ–ª—É—á–∞—é—Ç –∫–æ–ª–ª–µ–≥–∏ –≤ –¥—Ä—É–≥–∏—Ö –∫–æ–º–ø–∞–Ω–∏—è—Ö. –û—Ü–µ–Ω–∏—Ç–µ —É–Ω–∏–∫–∞–ª—å–Ω–æ—Å—Ç—å —Å–≤–æ–∏—Ö –Ω–∞–≤—ã–∫–æ–≤ ‚Äî –≤–æ–∑–º–æ–∂–Ω–æ, –≤—ã –Ω–µ–¥–æ–æ—Ü–µ–Ω–µ–Ω—ã (–æ—á–µ–Ω—å —á–∞—Å—Ç—ã–π —Å–ª—É—á–∞–π).",–°–æ–æ—Ç–≤–µ—Ç—Å—Ç–≤—É–µ—Ç —Ä—ã–Ω–∫—É,"–ï—Å–ª–∏ –∑–∞—Ä–ø–ª–∞—Ç–∞ —Å–æ–æ—Ç–≤–µ—Ç—Å—Ç–≤—É–µ—Ç —Ä—ã–Ω–∫—É, –∞–∫—Ü–µ–Ω—Ç —Å–ª–µ–¥—É–µ—Ç –¥–µ–ª–∞—Ç—å –Ω–∞ —É–Ω–∏–∫–∞–ª—å–Ω–æ—Å—Ç—å —Ç–≤–æ–µ–≥–æ –≤–∫–ª–∞–¥–∞ –∏ —á—Ç–æ –ø–æ–≤—ã—à–µ–Ω–∏–µ –º–æ—Ç–∏–≤–∞—Ü–∏–∏ —É–ª—É—á—à–∏—Ç —Ç–≤–æ—é –æ—Ç–¥–∞—á—É.",10,"–ù–µ—Ä–∞—Å–∫—Ä—ã—Ç—ã–π —Ç–∞–ª–∞–Ω—Ç. –¢—ã —É–∂–µ –Ω–∞ —É—Ä–æ–≤–Ω–µ —Ä—ã–Ω–∫–∞. –¢–µ–ø–µ—Ä—å –∑–∞–¥–∞—á–∞ ‚Äî –≤—ã–¥–µ–ª–∏—Ç—å—Å—è —Å—Ä–µ–¥–∏ –¥—Ä—É–≥–∏—Ö –∏ –¥–æ–∫–∞–∑–∞—Ç—å, —á—Ç–æ —Ç—ã –¥–æ—Ä–æ–∂–µ —Å—Ä–µ–¥–Ω–µ–≥–æ.",–ù–µ—Ç,‚úÖ,–ù–µ—Ä–∞—Å–∫—Ä—ã—Ç—ã–π —Ç–∞–ª–∞–Ω—Ç.,–û—Ç–∫—Ä—ã—Ç –∫ –ø–µ—Ä–µ–º–µ–Ω–∞–º ‚Äî –¥–µ—Ä–∂–∏ —Ä–µ–∑—é–º–µ –≤ –ø–æ—Ä—è–¥–∫–µ. –°–º–µ–Ω–∞ –∫–æ–º–ø–∞–Ω–∏–∏ –ø–æ–∑–≤–æ–ª—è–µ—Ç –ø–æ–ª—É—á–∏—Ç—å –Ω–æ–≤—ã–π –∏–º–ø—É–ª—å—Å –¥–ª—è —Ä–æ—Å—Ç–∞.
1,10,21,"–í—Å–µ–≥–¥–∞ –¥–æ–ª–∂–µ–Ω –±—ã—Ç—å ¬´–ü–ª–∞–Ω –ë¬ª. –ï—Å–ª–∏ –ø–æ–≤—ã—à–µ–Ω–∏—è –∑–∞—Ä–ø–ª–∞—Ç—ã –Ω–µ –±—É–¥–µ—Ç, —É –≤–∞—Å –¥–æ–ª–∂–Ω—ã —É–∂–µ –±—ã—Ç—å –≤–∞—Ä–∏–∞–Ω—Ç—ã. –í–Ω—É—Ç—Ä–∏ –∫–æ–º–ø–∞–Ω–∏–∏: –Ω–æ–≤—ã–µ –æ–±—è–∑–∞–Ω–Ω–æ—Å—Ç–∏ –∏–ª–∏ –ø—Ä–æ–µ–∫—Ç—ã. –í–Ω–µ –∫–æ–º–ø–∞–Ω–∏–∏: –∏–Ω–æ–≥–¥–∞ —Å–º–µ–Ω–∞ —Ä–∞–±–æ—Ç—ã ‚Äî –µ–¥–∏–Ω—Å—Ç–≤–µ–Ω–Ω—ã–π —Å–ø–æ—Å–æ–± –ø–µ—Ä–µ–π—Ç–∏ –Ω–∞ –Ω–æ–≤—ã–π —É—Ä–æ–≤–µ–Ω—å. –ì–ª–∞–≤–Ω–æ–µ ‚Äî –¥–µ–π—Å—Ç–≤–æ–≤–∞—Ç—å, –∞ –Ω–µ –∂–¥–∞—Ç—å —É –º–æ—Ä—è –ø–æ–≥–æ–¥—ã.",–ü–æ–∏—Å–∫ –Ω–æ–≤—ã—Ö –≤–æ–∑–º–æ–∂–Ω–æ—Å—Ç–µ–π –≤ –∫–æ–º–ø–∞–Ω–∏–∏,–ì–∏–±–∫–æ—Å—Ç—å ‚Äî —ç—Ç–æ –≤–∞–∂–Ω–æ. –ê–ª—å—Ç–µ—Ä–Ω–∞—Ç–∏–≤—ã –≤–Ω—É—Ç—Ä–∏ –ª—é–±–æ–π —Ä–∞–∑–≤–∏—Ç–æ–π –∫–æ–º–ø–∞–Ω–∏–∏ –≤—Å–µ–≥–¥–∞ –µ—Å—Ç—å. –ü—Ä–æ—è–≤–∏—Ç–µ –≥–æ—Ç–æ–≤–Ω–æ—Å—Ç—å –∫ –∫—É—Ä—Å–∞–º –ø–æ–≤—ã—à–µ–Ω–∏—è –∫–≤–∞–ª–∏—Ñ–∏–∫–∞—Ü–∏–∏.,11,"–í–Ω—É—Ç—Ä–µ–Ω–Ω–∏–π —Ä–æ—Å—Ç. –¢—ã –≤–µ—Ä–∏—à—å –≤ —Ä–∞–∑–≤–∏—Ç–∏–µ –≤–Ω—É—Ç—Ä–∏ –∫–æ–º–ø–∞–Ω–∏–∏. –≠—Ç–æ —Ä–∞–∑—É–º–Ω—ã–π –ø–æ–¥—Ö–æ–¥, –µ—Å–ª–∏ —Ç—ã –ø—Ä–∏–≤—è–∑–∞–Ω –∫ –∫–æ–ª–ª–µ–∫—Ç–∏–≤—É –∏–ª–∏ –ø—Ä–æ–µ–∫—Ç–∞–º.",–ù–µ—Ç,üèóÔ∏è,–ù–µ–æ–ø—Ä–µ–¥–µ–ª–∏–≤—à–∏–π—Å—è.,"–í–∏–¥–∏—à—å —Å–º–µ–∂–Ω—ã–µ —Ä–æ–ª–∏ ‚Äî —É–∑–Ω–∞–π, –≥–¥–µ –≤—ã—à–µ –æ–∫–ª–∞–¥. –í–Ω—É—Ç—Ä–∏ –∫–æ–º–ø–∞–Ω–∏–∏ —Ç–æ–∂–µ –º–æ–∂–Ω–æ ¬´—Å–º–µ–Ω–∏—Ç—å —Ä–∞–±–æ—Ç—É¬ª."
1,10,22,"–í—Å–µ–≥–¥–∞ –¥–æ–ª–∂–µ–Ω –±—ã—Ç—å ¬´–ü–ª–∞–Ω –ë¬ª. –ï—Å–ª–∏ –ø–æ–≤—ã—à–µ–Ω–∏—è –∑–∞—Ä–ø–ª–∞—Ç—ã –Ω–µ –±—É–¥–µ—Ç, —É –≤–∞—Å –¥–æ–ª–∂–Ω—ã —É–∂–µ –±—ã—Ç—å –≤–∞—Ä–∏–∞–Ω—Ç—ã. –í–Ω—É—Ç—Ä–∏ –∫–æ–º–ø–∞–Ω–∏–∏: –Ω–æ–≤—ã–µ –æ–±—è–∑–∞–Ω–Ω–æ—Å—Ç–∏ –∏–ª–∏ –ø—Ä–æ–µ–∫—Ç—ã. –í–Ω–µ –∫–æ–º–ø–∞–Ω–∏–∏: –∏–Ω–æ–≥–¥–∞ —Å–º–µ–Ω–∞ —Ä–∞–±–æ—Ç—ã ‚Äî –µ–¥–∏–Ω—Å—Ç–≤–µ–Ω–Ω—ã–π —Å–ø–æ—Å–æ–± –ø–µ—Ä–µ–π—Ç–∏ –Ω–∞ –Ω–æ–≤—ã–π —É—Ä–æ–≤–µ–Ω—å. –ì–ª–∞–≤–Ω–æ–µ ‚Äî –¥–µ–π—Å—Ç–≤–æ–≤–∞—Ç—å, –∞ –Ω–µ –∂–¥–∞—Ç—å —É –º–æ—Ä—è –ø–æ–≥–æ–¥—ã.",–ü–æ–∏—Å–∫ —Ä–∞–±–æ—Ç—ã –≤ –¥—Ä—É–≥–æ–π –∫–æ–º–ø–∞–Ω–∏–∏,–ü–æ–∏—Å–∫ –Ω–æ–≤–æ–π —Ä–∞–±–æ—Ç—ã ‚Äî –≥–ª–∞–≤–Ω—ã–π –≤–∞—Ä–∏–∞–Ω—Ç. –¢—Ä–µ–Ω–¥ XXI –≤–µ–∫–∞ - –º–µ–Ω—è—Ç—å –º–µ—Å—Ç–æ —Ä–∞–±–æ—Ç—ã –∫–∞–∂–¥—ã–µ 3-5 –ª–µ—Ç.,11,"–£—Ä–æ–≤–µ–Ω—å: –ø—Ä–æ—Ñ–µ—Å—Å–∏–æ–Ω–∞–ª. –¢—ã –≥–æ—Ç–æ–≤ —Ä–∞—Å—Å–º–æ—Ç—Ä–µ—Ç—å –≤–Ω–µ—à–Ω–∏–µ –≤–æ–∑–º–æ–∂–Ω–æ—Å—Ç–∏, –µ—Å–ª–∏ –≤–Ω—É—Ç—Ä–µ–Ω–Ω–∏–µ –Ω–µ —Å—Ä–∞–±–æ—Ç–∞—é—Ç. –≠—Ç–æ –∑—Ä–µ–ª—ã–π –∏ —Ä–µ–∞–ª–∏—Å—Ç–∏—á–Ω—ã–π –ø–æ–¥—Ö–æ–¥.",–ù–µ—Ç,üåç,–£—Ä–æ–≤–µ–Ω—å: –ø—Ä–æ—Ñ–µ—Å—Å–∏–æ–Ω–∞–ª.,–ù–µ –±–æ–∏—à—å—Å—è –±—Ä–∞—Ç—å –Ω–æ–≤—ã–µ –∑–∞–¥–∞—á–∏ ‚Äî –≤—Å–µ–≥–¥–∞ —Ñ–∏–∫—Å–∏—Ä—É–π —Å–≤–æ–∏ –æ–±—è–∑–∞–Ω–Ω–æ—Å—Ç–∏ –∏ –æ–±—Å—É–∂–¥–∞–π –¥–æ–ø–ª–∞—Ç—É.
1,11,23,–ì–æ—Ä–∏–∑–æ–Ω—Ç–∞–ª—å–Ω—ã–π —Ä–æ—Å—Ç –º–æ–∂–µ—Ç –±—ã—Ç—å –≤—ã–≥–æ–¥–Ω–µ–µ –≤–µ—Ä—Ç–∏–∫–∞–ª—å–Ω–æ–≥–æ. –ü—Ä–∏–º–µ—Ä: –ø–µ—Ä–µ—Ö–æ–¥ –≤ —Å–º–µ–∂–Ω—ã–π –æ—Ç–¥–µ–ª —Å –±–æ–ª–µ–µ –≤—ã—Å–æ–∫–∏–º –æ–∫–ª–∞–¥–æ–º. –£—á–∞—Å—Ç–∏–µ –≤ –ø—Ä–∏–±—ã–ª—å–Ω—ã—Ö –ø—Ä–æ–µ–∫—Ç–∞—Ö —Å –±–æ–Ω—É—Å–∞–º–∏. –°–æ–≤–º–µ—â–µ–Ω–∏–µ —Ä–æ–ª–µ–π —Å –¥–æ–ø–ª–∞—Ç–æ–π.,–ü–µ—Ä–µ—Ö–æ–¥ –≤ –¥—Ä—É–≥–æ–π –æ—Ç–¥–µ–ª,–•–æ—Ä–æ—à–æ! –ü–æ—Å–ª–µ–¥–æ–≤–∞—Ç–µ–ª—å–Ω–æ–µ —Ä–∞–∑–≤–∏—Ç–∏–µ –∏ –∫–∞—Ä—å–µ—Ä–Ω—ã–π —Ä–æ—Å—Ç –≤–Ω—É—Ç—Ä–∏ –∫–æ–º–ø–∞–Ω–∏–∏ ‚Äî —ç—Ç–æ —Å–∞–º—ã–π –Ω–∞–¥—ë–∂–Ω—ã–π –ø—É—Ç—å.,12,–í–Ω—É—Ç—Ä–µ–Ω–Ω–∏–π –º–∏–≥—Ä–∞–Ω—Ç. –¢—ã –∑–Ω–∞–µ—à—å —Å–≤–æ–∏ –≤–æ–∑–º–æ–∂–Ω–æ—Å—Ç–∏ –∏ –≥–æ—Ç–æ–≤ –ø—Ä–∏–º–µ–Ω–∏—Ç—å –∏—Ö –≤ –Ω–æ–≤–æ–º –Ω–∞–ø—Ä–∞–≤–ª–µ–Ω–∏–∏. –≠—Ç–æ –∑—Ä–µ–ª—ã–π –∏ —Å—Ç—Ä–∞—Ç–µ–≥–∏—á–µ—Å–∫–∏–π —Ö–æ–¥.,–ù–µ—Ç,üè¢,–í–Ω—É—Ç—Ä–µ–Ω–Ω–∏–π –º–∏–≥—Ä–∞–Ω—Ç.,–ó–Ω–∞–µ—à—å —Å–≤–æ–∏ –≤–æ–∑–º–æ–∂–Ω–æ—Å—Ç–∏ –∏ –≥–æ—Ç–æ–≤ –ø—Ä–∏–º–µ–Ω–∏—Ç—å –∏—Ö –≤ –Ω–æ–≤–æ–º –Ω–∞–ø—Ä–∞–≤–ª–µ–Ω–∏–∏. –û—Å—Ç–∞–ª–æ—Å—å –Ω–∞–π—Ç–∏ —Å–≤–æ—é –ª–∏—á–Ω—É—é —Ç–∞–∫—Ç–∏–∫—É –∏ –∑–∞—Ç–µ–º –ø–µ—Ä–µ–ª–æ–∂–∏—Ç—å –µ–µ –≤ –¥–æ–ª–≥–æ–≤—Ä–µ–º–µ–Ω–Ω—É—é —Å—Ç—Ä–∞—Ç–µ–≥–∏—é.
1,11,24,–ì–æ—Ä–∏–∑–æ–Ω—Ç–∞–ª—å–Ω—ã–π —Ä–æ—Å—Ç –º–æ–∂–µ—Ç –±—ã—Ç—å –≤—ã–≥–æ–¥–Ω–µ–µ –≤–µ—Ä—Ç–∏–∫–∞–ª—å–Ω–æ–≥–æ. –ü—Ä–∏–º–µ—Ä: –ø–µ—Ä–µ—Ö–æ–¥ –≤ —Å–º–µ–∂–Ω—ã–π –æ—Ç–¥–µ–ª —Å –±–æ–ª–µ–µ –≤—ã—Å–æ–∫–∏–º –æ–∫–ª–∞–¥–æ–º. –£—á–∞—Å—Ç–∏–µ –≤ –ø—Ä–∏–±—ã–ª—å–Ω—ã—Ö –ø—Ä–æ–µ–∫—Ç–∞—Ö —Å –±–æ–Ω—É—Å–∞–º–∏. –°–æ–≤–º–µ—â–µ–Ω–∏–µ —Ä–æ–ª–µ–π —Å –¥–æ–ø–ª–∞—Ç–æ–π.,–ü–æ–ª—É—á–µ–Ω–∏–µ –¥–æ–ø–æ–ª–Ω–∏—Ç–µ–ª—å–Ω—ã—Ö –æ–±—è–∑–∞–Ω–Ω–æ—Å—Ç–µ–π,–ò–Ω—Ç–µ—Ä–µ—Å–Ω–æ! –ü–æ–ª—É—á–µ–Ω–∏–µ –Ω–æ–≤—ã—Ö –æ–±—è–∑–∞–Ω–Ω–æ—Å—Ç–µ–π ‚Äî –ø—É—Ç—å –∫ –Ω–µ–æ–∂–∏–¥–∞–Ω–Ω—ã–º –ø–µ—Ä–µ–º–µ–Ω–∞–º –∏ –≤–æ–∑–º–æ–∂–Ω–æ—Å—Ç—å —Ä–∞—Å–∫—Ä—ã—Ç—å —Å–µ–±—è —Å –Ω–æ–≤–æ–π —Å—Ç–æ—Ä–æ–Ω—ã.,12,–£—Ö–æ–¥—è—â–∏–π –∑–∞ –≥–æ—Ä–∏–∑–æ–Ω—Ç. –¢—ã –Ω–µ –±–æ–∏—à—å—Å—è –±—Ä–∞—Ç—å –Ω–∞ —Å–µ–±—è –Ω–æ–≤—ã–µ –∑–∞–¥–∞—á–∏. –≠—Ç–æ –ø—É—Ç—å –∫ –ø—Ä–∏–∑–Ω–∞–Ω–∏—é –∏ —Ä–æ—Å—Ç—É –≤ –≥–ª–∞–∑–∞—Ö —Ä—É–∫–æ–≤–æ–¥—Å—Ç–≤–∞.,–ù–µ—Ç,‚úçÔ∏è,–£—Ö–æ–¥—è—â–∏–π –∑–∞ –≥–æ—Ä–∏–∑–æ–Ω—Ç.,–ù–µ –±–æ–∏—à—å—Å—è –±—Ä–∞—Ç—å –Ω–∞ —Å–µ–±—è –Ω–æ–≤—ã–µ –ø—Ä–æ–µ–∫—Ç—ã –∏ —Å–∞–º –ø—Ä–æ—è–≤–ª—è–µ—à—å –∏–Ω–∏—Ü–∏–∞—Ç–∏–≤—É? –≠—Ç–æ –ø—É—Ç—å –∫ –ø—Ä–∏–∑–Ω–∞–Ω–∏—é –∏ —Ä–æ—Å—Ç—É –≤ –≥–ª–∞–∑–∞—Ö —Ä—É–∫–æ–≤–æ–¥—Å—Ç–≤–∞.
1,12,25,–ú—ã —Å–æ–±—Ä–∞–ª–∏ –≤—Å–µ –≤–∞—à–∏ –æ—Ç–≤–µ—Ç—ã –≤ –ø–µ—Ä—Å–æ–Ω–∞–ª–∏–∑–∏—Ä–æ–≤–∞–Ω–Ω—É—é —Å—Ç—Ä–∞—Ç–µ–≥–∏—é. –û—Å—Ç–∞–ª–æ—Å—å —Ç–æ–ª—å–∫–æ –ø—Ä–∏–º–µ–Ω–∏—Ç—å –µ—ë –Ω–∞ –ø—Ä–∞–∫—Ç–∏–∫–µ.,–ó–∞–≤–µ—Ä—à–∏—Ç—å,,,,–î–∞,üéØ,,